customer_id,age,email,salary,country,phone,signup_date
C04875,999,user4875@example.com,41017,USA,3637929158,2023-09-22
C01026,70,user1026@example.com,-1000,Australia,=1-312-654-7472,2023-02-25
C03546,79,user3546@example.com,82797,USA,423.366.4508,2023-09-15
C03822,20,@domain.com,54624,India,719-808-4765,2023-08-06
C04395,68,user4395@example.com,155942,USA,,2023-05-28
C00923,70,user3423@example.com,99521,USA,970.521.2218,2023-10-07
C01991,77,user2418@example.com,59709,UK,(318) 414-9221,2023-07-29
C00380,74,user1096@example.com,,UK,6945728232,2023-10-02
C04460,-25,user4460@example.com,49252,USA,502-394-4542,2023-04-14
C00706,61,user706@example.com,142935,Canada,553-249-1162,2023-05-01
C02375,37,user2375@example.com,188744,Canada,733 274 6639,2023-10-23
C00531,37,user531@example.com,143903,USA,4723534498,2023-05-04
C00801,29,,187561,Canada,101-932-8612,2023-06-17
C00113,19,user4525@example.com,80248,UK,6310010573,2023-05-20
C01457,64,user1457@example.com,-50000,Spain,213.259.1983,2023-06-25
C01392,29,user1392@example.com,,USA,246-173-7986,2023-12-01
C03650,40,user3650@example.com,,Australia,110-289-4419,2023-03-18
C03200,500,user3200@example.com,153745,Australia,(820) 179-7187,2023-02-09
C02672,19,invalid-email,121319,UK,724-154-6871,2023-01-11
C02813,43,user2813@example.com,35583,Canada,725.881.9693,2023-01-08
,31,user66@example.com,128826,Australia,(816) 781-6412,2023-10-29
C00158,29,user158@example.com,111029,UK,112-521-2600,2023-10-08
C03241,66,user3241@example.com,162341,Australia,641 918 9027,2023-01-14
C04102,-5,user4102@example.com,-5000,USA,168-828-5327,2023-10-23
C00627,72,user627@example.com,56990,USA,,2023-02-07
C00019,38,user1966@example.com,81033,UK,=1-335-559-7862,2023-02-30
C01439,,user1439@example.com,121198,UK,,2023-04-25
C02241,22,user2241@example.com,149873,Australia,470.448.9215,2023-02-29
C03014,45,user3014@example.com,75156,Brazil,9059268380,2023-08-20
C03907,75,user3907@example.com,161301,USA,342-234-2896,2023-10-06
C02854,25,user3519@example.com,110691,USA,202.190.9252,2023-04-03
C00643,63,user643@example.com,59084,UK,113-275-8817,2023-02-16
C01927,34,user1927@example.com,76250,Australia,=1-664-421-2049,2023-02-15
C02188,300,user2188@example.com,41350,Australia,957.797.4130,2023-06-03
C00684,,user684@example.com,120009,USA,448.903.6820,2023-07-02
C00677,21,user677@example.com,108513,UK,912-525-9089,2023-09-01
C01895,-25,user1895@example.com,158180,Canada,(412) 859-4453,2023-09-04
C01877,,user@@domain.com,89222,UK,298.451.8152,2023-10-06
C01058,71,user1058@example.com,115679,Canada,287.552.1099,2023-08-05
C04850,62,user4850@example.com,197973,Canada,230-653-5849,2023-01-29
C00822,78,user3951@example.com,199176,USA,341.666.3357,2023-12-03
C02836,999,user2836@example.com,156457,Brazil,1642037497,2023-10-14
C03140,19,user3140@example.com,,Australia,502.387.8610,2023-02-16
C00297,70,user297@example.com,123783,Canada,164-481-6656,2023-07-09
C03363,69,user3363@example.com,132127,USA,651.873.8478,2023-12-30
C03605,30,user3605@example.com,41182,Canada,354 628 4176,2023-08-12
C04700,59,user4700@example.com,168919,Australia,8700802495,2023-10-27
C04206,33,user4206@example.com,136553,UK,798 985 5488,2023-09-16
C02381,76,user2381@example.com,143978,UK,(384) 723-2959,2023-06-09
C00834,64,user1256@example.com,171407,Canada,274-425-7382,2023-01-23
C00169,57,user169@example.com,181165,USA,808 783 6298,2023-03-23
C04134,22,user4134@example.com,92532,UK,(830) 220-5237,2023-04-27
C00030,200,user30@example.com,88608,UK,(637) 409-3867,2023-05-22
C01748,19,user1748@example.com,143710,USA,9446789654,2023-08-27
C04984,56,user4984@example.com,117421,UK,291.572.2037,2023-08-14
C04980,200,user4980@example.com,141904,USA,(779) 617-3569,2023-04-01
C02112,0,.user@domain.com,,UK,=1-765-269-3318,2023-11-05
,43,no-dot@com,173250,Australia,,2023-09-16
C02811,35,user2811@example.com,58899,USA,424 579 5025,2023-04-28
C02102,30,user2102@example.com,115959,UK,535-816-2269,2023-10-20
C00512,51,user1011@example.com,36859,UK,(179) 787-1183,2023-04-31
C04631,50,user4631@example.com,38314,UK,670-387-6215,2023-10-06
C00545,40,user545@example.com,94887,Canada,689.184.2815,2023-11-28
C01742,78,user1742@example.com,,UK,703 527 5526,2023-09-09
C03732,55,user3732@example.com,58481,USA,(115) 675-8895,2023-06-19
C04817,65,user4817@example.com,181007,USA,7783667060,2023-04-27
C01718,31,user1718@example.com,100442,UK,,2023-02-30
C00995,71,user995@example.com,47374,Australia,521 880 2986,2023-04-22
C04789,36,user4789@example.com,166213,Australia,408.972.9496,2023-12-07
C02776,0,user2776@example.com,59670,USA,2003570520,2023-03-18
C04060,27,,117908,UK,573-829-4755,2023-07-16
C00024,41,user24@example.com,198785,USA,(684) 720-7382,2023-08-19
C00950,75,user950@example.com,,Australia,333 332 4438,2023-01-10
C00241,44,user241@example.com,61433,Canada,280 263 1706,2023-09-03
C01555,46,user1555@example.com,90652,USA,,2023-06-24
C01435,42,user1435@example.com,184455,Australia,=1-941-335-7301,2023-09-26
C01671,68,user1671@example.com,126143,Canada,3265977202,2023-06-16
C00486,50,user486@example.com,96216,Australia,537 314 6690,2023-01-14
C02754,-50,user2754@example.com,174740,Australia,(230) 630-1584,2023-04-31
C03652,47,user3652@example.com,59777,Australia,897.524.2835,2023-03-18
C04272,42,user4272@example.com,182647,Canada,968.335.6006,2023-02-13
C00804,76,user804@example.com,,Australia,,2023-05-05
C03781,47,user3781@example.com,41814,Australia,5128485075,2023-05-06
C01740,36,user1740@example.com,,Canada,997 639 3866,2023-04-15
C04016,69,user4016@example.com,90624,Canada,8932259541,2023-06-23
C02196,,user2196@example.com,113384,Australia,890.757.9569,2023-03-28
C00085,53,.user@domain.com,97055,Canada,606.760.2007,2023-02-30
C02124,75,user2124@example.com,,UK,458-751-4703,2023-10-31
C03017,,user3017@example.com,147925,,245.369.8486,2023-03-08
C02534,37,user2534@example.com,111441,Canada,,2023-06-28
C01872,64,user1872@example.com,71347,Australia,9667651430,2023-02-10
C00107,32,user107@example.com,87505,USA,(186) 240-7813,2023-05-14
C03151,75,user3151@example.com,33089,Australia,=1-792-521-5563,2023-08-10
C00100,66,user2990@example.com,0,USA,=1-362-442-4207,2023-09-09
C01579,64,user1579@example.com,,USA,=1-759-502-1845,2023-06-01
C00200,21,user200@example.com,79429,Australia,498 164 9856,2023-08-03
C04412,,user4412@example.com,166260,Brazil,(801) 287-2125,2023-07-13
C03066,28,user3066@example.com,,USA,223.312.4042,2023-04-10
C04956,51,user4956@example.com,,UK,,2023-03-24
C04241,56,user4241@example.com,169805,Australia,250-847-2817,2023-08-30
C04657,0,user4657@example.com,33771,UK,3981256048,2023-12-23
C03131,61,user3131@example.com,113521,Canada,560 720 4681,2023-10-19
C02182,300,user2182@example.com,57241,USA,=1-574-190-2904,2023-09-14
C03415,34,user3415@example.com,,UK,=1-884-219-3224,2023-09-20
C00882,79,user882@example.com,91510,Canada,,2023-01-21
C04223,20,user4223@example.com,101805,Mexico,(976) 291-2940,2023-06-05
C04570,-50,user4570@example.com,45385,USA,(186) 684-9390,2023-12-26
,48,user@,0,UK,159 432 9297,2023-06-31
C00554,75,.user@domain.com,41442,Australia,573-303-5289,2023-05-03
C00734,62,user734@example.com,,USA,4167591308,2023-09-14
C00180,22,user180@example.com,58151,Spain,119 609 3438,2023-08-06
C00417,50,user@@domain.com,68578,USA,488.534.4510,2023-04-07
C00080,25,user80@example.com,183077,USA,3090061251,2023-09-18
C00473,46,user473@example.com,0,Canada,=1-627-531-5368,2023-04-14
C00157,75,user671@example.com,60981,Canada,(400) 840-7395,2023-02-08
C04909,,user4909@example.com,197558,Mexico,655.185.3322,2023-12-10
C01502,200,user1502@example.com,181638,Australia,172-283-8548,2023-03-09
C02803,18,user2803@example.com,98689,USA,=1-767-563-5920,2023-01-26
C02093,60,user2093@example.com,109526,UK,=1-840-959-4808,2023-10-03
C00249,23,user249@example.com,107227,UK,303 865 6336,2023-11-03
C00539,-10,user539@example.com,86408,UK,(815) 367-9295,2023-03-18
C01346,54,,-1000,Canada,(744) 860-2971,2023-05-30
C04699,-25,no-dot@com,162385,Australia,=1-156-378-7501,2023-07-02
,51,user1271@example.com,191206,Canada,516.889.6123,2023-01-11
C00229,47,user229@example.com,35939,USA,1544998804,2023-04-04
C00298,61,user298@example.com,155681,USA,597 613 9629,2023-12-31
C02821,42,user2821@example.com,101792,UK,446 820 3870,2023-02-22
C03723,43,user3723@example.com,191183,Australia,947.103.6647,2023-12-15
C01184,73,user1184@example.com,53559,Australia,500 173 9648,2023-11-02
C02060,37,user2060@example.com,94427,Australia,(470) 648-4251,2023-07-18
C00191,70,user466@example.com,163872,Germany,538-453-6855,2023-01-07
C02992,999,user2992@example.com,177147,Canada,6520672499,2023-05-09
C00506,19,user506@example.com,80719,UK,(379) 239-1477,2023-08-09
C04081,23,user4081@example.com,98178,Canada,702 597 8657,2023-04-31
C03173,20,user3173@example.com,121828,Australia,967-171-5544,2023-13-01
C02094,77,user2094@example.com,177698,Canada,885-605-5129,2023-04-10
C01670,180,user1670@example.com,165899,Australia,982.251.7771,2023-07-17
C01753,28,user1753@example.com,65739,UK,600-413-1083,2023-08-05
C04785,34,user4785@example.com,67792,UK,(261) 206-1130,2023-12-10
C00350,31,user2654@example.com,85192,UK,,2023-10-17
C00427,50,user427@example.com,183484,UK,2578148768,2023-02-21
C01259,64,missingatsign.com,75541,Canada,706 230 5244,2023-04-09
C01074,40,user1074@example.com,199509,USA,877-407-9801,2023-02-18
C02907,25,user2907@example.com,126426,Australia,(707) 288-4555,2023-08-20
C03892,33,,44016,UK,266 240 6421,2023-12-04
,48,user4872@example.com,194244,UK,(202) 233-2385,2023-09-04
C00658,999,user658@example.com,114381,UK,441-108-2682,2023-12-30
C00394,55,user394@example.com,175342,UK,(826) 411-1471,2023-01-19
C03394,32,user3394@example.com,,USA,623 225 8884,2023-10-21
C00280,66,user280@example.com,189073,UK,2741009563,2023-01-01
C03719,27,user3719@example.com,181877,Australia,(867) 321-6070,2023-03-04
C04580,60,.user@domain.com,72719,Canada,190-402-3406,2023-01-24
,54,user1076@example.com,105403,Australia,489.574.6011,2023-06-27
C01136,28,user1136@example.com,109768,UK,748-468-1749,2023-09-31
C01589,52,user1589@example.com,179888,Canada,732-824-9907,2023-10-25
C00578,47,user578@example.com,56049,Canada,504.787.7076,2023-10-14
C02292,47,user2292@example.com,,Canada,613.787.1749,2023-02-04
C01053,0,missingatsign.com,,UK,=1-910-524-5726,2023-08-30
C01091,32,user1091@example.com,109818,Australia,9711293507,2023-05-07
C03412,62,user3412@example.com,156537,USA,,2023-12-06
C01428,68,user1428@example.com,95727,Australia,430-230-3979,2023-12-08
C01050,45,user1050@example.com,,USA,9357475916,2023-06-17
C04457,50,user4457@example.com,165864,Canada,=1-663-150-6797,2023-03-22
C02519,23,user@domain..com,115473,UK,129.581.1560,2023-02-09
C03163,47,user3163@example.com,143204,Mexico,=1-449-249-5173,2023-11-13
C00009,56,missingatsign.com,173217,Canada,755-306-5614,2023-06-08
C03858,52,user3858@example.com,171439,USA,3075769888,2023-02-20
C03516,47,,85501,Brazil,587-805-5539,2023-09-09
C04070,72,,186323,USA,=1-105-441-4259,2023-03-29
C00145,52,user145@example.com,49611,Canada,(488) 799-7390,2023-10-01
C01955,58,user1955@example.com,151585,UK,=1-745-661-7849,2023-01-18
C00562,60,user562@example.com,-20000,Canada,(982) 932-5361,2023-05-12
C03104,50,user3104@example.com,,USA,585 134 5569,2023-07-10
C03787,69,user3787@example.com,100601,USA,647 210 3322,2023-05-04
C04765,28,user4765@example.com,144897,Australia,(476) 458-2804,2023-05-21
C00152,75,user@@domain.com,158681,UK,376.373.2610,2023-08-10
C00423,25,missingatsign.com,,USA,390 567 6111,2023-07-03
C01019,45,user@.com,,Spain,344.304.2497,2023-01-03
C01060,37,user2707@example.com,38802,Australia,(937) 602-4085,not-a-date
C03376,24,user3376@example.com,63757,Canada,613-989-6016,2023-02-30
C01213,150,user1213@example.com,108768,Australia,(515) 932-1323,2023-01-25
C03045,50,user3045@example.com,87196,USA,(440) 467-8644,invalid-date
C00799,22,user799@example.com,193900,UK,=1-272-900-5016,2023-11-12
C03164,74,user3164@example.com,183956,UK,=1-173-358-3038,2023-10-21
C02715,45,,140195,Australia,741.536.7623,2023-06-29
C00415,50,user415@example.com,115076,USA,814.703.4033,2023-12-20
C02303,34,user2303@example.com,189629,UK,255 573 9175,2023-05-12
C04762,30,user4762@example.com,132802,UK,=1-812-489-4649,2023-06-31
C03592,29,user3998@example.com,111494,USA,217-720-2462,2023-02-01
C00625,39,user625@example.com,0,UK,579.547.2297,2023-08-06
C01616,66,user1616@example.com,170347,UK,380.593.4264,2023-10-03
C00765,30,user name@domain.com,131948,UK,338 504 6554,2023-10-25
C02681,52,user2681@example.com,132272,Germany,(967) 451-3998,2023-11-12
C04264,79,user4264@example.com,70736,Australia,586-462-1206,2023-08-16
C03533,0,,96917,China,2854663638,2023-04-29
C00812,62,user812@example.com,53408,Canada,9355465756,2023-01-15
C00101,-999,multiple@issues@invalid,-1,InvalidCountry,,invalid-date
C02824,50,user@,-10000,Australia,=1-733-519-3593,2023-07-24
C00654,53,user@,129575,Canada,270-256-8295,2023-03-11
C00860,62,user860@example.com,38328,Germany,162-134-7183,2023-01-10
C01613,70,user1613@example.com,32462,UK,(321) 987-6978,2023-05-21
C00764,72,user764@example.com,58927,USA,=1-780-738-7711,2023-02-13
C00334,20,user334@example.com,130755,USA,1172146239,2023-05-30
C01630,37,user1630@example.com,118209,UK,507.130.2878,2023-01-30
C04937,52,user4937@example.com,,UK,7547322886,2023-06-09
C04702,75,user4702@example.com,33285,USA,597-785-6165,2023-10-08
C00228,37,,154932,Australia,810 926 8798,2023-01-08
C01946,23,user1946@example.com,150544,Canada,(477) 145-5765,2023-07-18
C01352,20,user1352@example.com,87021,Mexico,(296) 528-5137,2023-08-14
C04343,65,user4343@example.com,,Canada,=1-174-472-1501,2023-04-26
C02697,31,,52504,Canada,=1-252-933-8292,2023-08-05
C00766,40,user766@example.com,0,Australia,=1-146-786-8259,2023-12-21
C01399,26,user1974@example.com,174282,USA,,2023-01-03
C04078,59,user4078@example.com,,USA,524 535 2641,2023-05-25
C04589,66,user4589@example.com,0,Canada,,2023-05-13
C04268,31,user4268@example.com,165958,USA,831.750.4184,2023-07-30
C03995,78,user3995@example.com,127352,USA,1651921884,2023-03-09
C03317,46,user3317@example.com,108840,USA,236-398-7009,2023-07-07
C03296,38,user3296@example.com,193499,Australia,610.841.7630,2023-10-04
C02764,79,user2764@example.com,0,USA,573.305.1924,2023-06-31
C03537,53,user3537@example.com,53956,Australia,2805418091,2023-05-30
C01232,54,user1232@example.com,-5000,UK,(137) 292-3321,2023-03-01
C03629,38,user@domain.,38720,Australia,=1-282-950-5512,2023-03-09
C03214,38,,163639,Australia,=1-643-929-4206,2023-09-07
C02623,53,user@domain..com,,USA,977 191 6468,2023-06-01
C04199,47,user4199@example.com,191409,India,3781500263,2023-12-16
C00374,76,user374@example.com,72998,UK,267.154.5467,2023-09-25
C03162,79,,119242,Germany,7735322123,2023-06-24
C04879,39,user4879@example.com,39491,Australia,=1-254-460-2696,2023-06-04
C04727,21,user4727@example.com,160503,Australia,=1-349-869-8045,2023-02-06
C02789,25,user2789@example.com,119813,Canada,5384891565,2023-01-01
C00034,39,user34@example.com,56917,Australia,(294) 448-8921,2023-10-28
,,user4097@example.com,162654,UK,(321) 596-5696,2023-07-29
C02313,76,user2313@example.com,135924,UK,883 123 5651,2023-08-25
C02408,44,,,Canada,619.594.9424,2023-07-13
C00927,31,@domain.com,64872,Canada,,2023-03-09
C02139,78,user2139@example.com,194439,Canada,179.153.3244,2023-11-30
C01774,41,user1774@example.com,116700,Canada,520 572 1453,2023-09-13
C02700,46,user2700@example.com,146944,Canada,457-799-3955,2023-09-02
C01552,26,user1552@example.com,100204,UK,933.472.1265,2023-01-29
C01306,23,user@domain..com,62954,UK,(504) 531-6426,2023-05-06
C02073,79,user2073@example.com,80733,Australia,8441627106,2023-06-07
C02727,73,invalid-email,136337,Australia,4647375561,2023-11-02
C02423,32,user2423@example.com,,Canada,(972) 261-3574,2023-09-12
,61,user3665@example.com,168439,Mexico,958.127.3282,2023-08-20
C02816,57,user2816@example.com,165639,Canada,108-982-1864,2023-06-31
C04689,60,.user@domain.com,133579,India,(829) 620-1276,2023-02-23
C00811,56,user811@example.com,191888,Canada,,2023-07-14
C01363,30,user1363@example.com,32985,Australia,721 378 4390,2023-02-23
C00231,28,user231@example.com,65063,USA,521 344 3859,2023-07-03
C03428,69,,121555,China,=1-717-713-2640,2023-05-26
C04213,0,,,UK,=1-129-684-8382,2023-08-06
C02471,34,user2471@example.com,115216,UK,(763) 689-6567,2023-08-13
C00247,71,,196132,USA,(119) 742-9457,2023-01-19
C03324,48,user name@domain.com,188901,Canada,=1-956-638-2174,2023-08-21
C00997,35,user997@example.com,75913,Canada,=1-884-898-6341,2023-02-26
C00777,300,,43652,Australia,448-547-3957,2023-01-13
C04248,68,user4248@example.com,111171,UK,230.226.4810,2023-11-17
C04167,,user4167@example.com,123144,Australia,(468) 385-5949,2023-09-14
C02092,54,@domain.com,157251,Australia,(512) 731-8758,2023-05-24
C01294,-10,user1294@example.com,95982,China,458-839-4050,2023-03-31
C03047,67,missingatsign.com,130625,USA,451-618-3376,2023-12-07
C04920,77,user4920@example.com,57197,UK,779.365.9427,2023-01-15
C04958,77,user4958@example.com,159263,Canada,519 121 3754,2023-07-30
C03708,-100,user3708@example.com,95185,Australia,,2023-11-18
C00712,19,user712@example.com,116346,UK,529.511.5986,2023-01-16
C00498,67,,30174,USA,520 426 2055,2023-05-28
C01832,57,user1832@example.com,134428,Canada,881 483 1482,2023-12-15
C04714,26,user4714@example.com,182297,USA,3833339397,2023-01-01
C02221,36,user2221@example.com,38947,USA,691.510.1467,2023-04-29
C03397,40,user3397@example.com,161949,Canada,280.497.4101,2023-09-26
C00590,36,user590@example.com,52931,USA,293-252-1894,2023-09-27
,43,user1527@example.com,184648,Canada,927-470-8046,2023-12-27
C04166,41,user4166@example.com,132511,UK,510-440-1359,2023-07-14
C02111,46,user2111@example.com,174403,USA,=1-430-729-7088,2023-11-31
C04334,63,,106407,Germany,=1-115-476-4189,2023-05-19
C04630,77,no-dot@com,109553,UK,847.662.8317,2023-12-02
C04613,300,user4613@example.com,130814,Canada,905.480.7247,2023-08-01
C02652,0,user2652@example.com,101894,Spain,,2023-01-01
C01109,21,user1109@example.com,157314,UK,(598) 286-9234,2023-02-08
C00150,59,user150@example.com,-10000,Canada,644-752-6797,2023-02-30
C04567,19,user4567@example.com,131164,UK,670 477 7843,2023-08-31
C04874,33,user4874@example.com,117236,UK,625 142 4861,2023-04-27
C00695,77,,38446,UK,836 705 9964,2023-12-23
C00013,28,user13@example.com,137507,USA,505.841.1477,2023-01-25
C03572,26,user3572@example.com,63461,Australia,2595749987,2023-04-11
C03270,27,user3270@example.com,,Australia,559-513-6472,2023-02-09
C01515,79,user@@domain.com,0,Canada,(497) 995-8573,2023-01-01
C01785,68,user@domain.,133754,Canada,=1-593-807-6428,2023-04-01
C03711,36,no-dot@com,82709,Australia,683.733.4185,2023-04-25
C00732,70,user732@example.com,112409,UK,=1-339-458-5902,2023-03-04
C00752,150,user752@example.com,199578,Australia,412.483.5968,2023-05-24
C04941,77,user4941@example.com,115914,UK,866 418 2945,2023-07-12
C01322,19,user1322@example.com,118059,Australia,817.353.8031,2023-07-31
C03993,65,user3993@example.com,181341,Canada,723-217-3378,2023-05-19
C01860,28,user1860@example.com,94140,Australia,(442) 883-1973,2023-07-19
,300,user3560@example.com,85390,Australia,(243) 922-4612,2023-11-16
C02888,66,user2888@example.com,151684,UK,452 850 1989,2023-11-29
C01127,65,user1127@example.com,146026,Australia,7006388717,2023-04-23
C04448,55,user4448@example.com,111932,USA,261-980-7843,2023-06-21
C02128,22,no-dot@com,60771,Mexico,=1-885-512-5173,2023-09-05
C04930,63,user4930@example.com,111187,USA,7019239448,2023-01-17
C01211,31,user1211@example.com,,USA,685.228.2629,2023-06-10
C02226,76,user2226@example.com,41618,USA,416-911-3317,2023-01-25
C01416,34,user1887@example.com,105910,Australia,656.310.9108,2023-09-24
C02043,46,user2043@example.com,99590,USA,,2023-10-05
C00587,-50,user587@example.com,105277,Canada,=1-420-546-3703,2023-11-07
C04644,64,user4644@example.com,108218,Australia,(299) 579-1055,2023-03-28
C02826,36,user2826@example.com,106981,USA,9518221601,2023-11-17
C04184,-5,,0,China,=1-924-354-7485,2023-11-18
C02340,63,user2340@example.com,181542,,311-691-8555,2023-07-02
C00133,-25,user133@example.com,169088,Australia,978.363.1232,2023-05-31
C01182,39,user1182@example.com,148570,Australia,661-501-6528,2023-05-05
C01741,65,user1741@example.com,142752,USA,795.457.6426,2023-09-30
C00978,23,user978@example.com,193244,Australia,(417) 542-8778,2023-04-11
C00283,33,user678@example.com,180946,Australia,340.314.1770,2023-11-05
C04379,63,user@domain..com,110664,Germany,(615) 266-6375,2023-04-11
C04708,52,user4708@example.com,51323,UK,,2023-11-08
C01118,22,user1118@example.com,69850,Australia,4266466941,2023-03-13
C00288,71,user288@example.com,179865,USA,492-474-8624,2023-09-31
C01414,43,user@@domain.com,119037,UK,388-465-2249,2023-01-19
C03136,23,,162371,Australia,891 176 8090,2023-04-29
C03686,30,user3686@example.com,35470,Canada,685 211 8952,2023-04-01
C04193,65,user4193@example.com,129864,Mexico,5486043678,2023-10-25
C01324,28,user1324@example.com,139388,Canada,3624656441,2023-09-01
C04731,66,user4731@example.com,194832,USA,(175) 268-7985,2023-09-26
C03866,63,user3866@example.com,62991,USA,724-428-8991,2023-03-27
C01944,71,user1944@example.com,169707,Australia,517.767.7139,2023-11-09
C04294,26,,175457,Australia,,2023-04-23
C04215,23,user4215@example.com,175693,UK,(900) 618-1473,2023-07-14
C00843,44,user843@example.com,192026,UK,542.964.7666,2023-06-21
C03497,37,user@domain.,151648,Australia,=1-304-743-7585,2023-02-25
C01293,48,user1293@example.com,44031,Australia,405.462.2755,2023-12-06
C02693,28,user2693@example.com,100474,UK,(648) 323-6656,2023-07-07
C04544,56,user4544@example.com,42879,Canada,(972) 234-3139,2023-11-31
C01766,51,user1766@example.com,187005,UK,=1-242-799-4268,2023-08-16
C04894,47,user4894@example.com,40292,Canada,412-614-9496,2023-11-13
C00959,45,user4651@example.com,41434,USA,1549857034,2023-01-03
C01349,53,user1349@example.com,,France,659-733-6618,2023-02-28
C02582,49,user2582@example.com,42940,Australia,111.752.2921,2023-01-22
C00682,19,user682@example.com,163498,USA,540.216.4714,2023-10-18
C03974,66,user3974@example.com,173518,Australia,=1-930-802-8628,2023-07-26
,62,user1418@example.com,82265,USA,=1-285-795-7967,2023-04-06
C02122,,user2122@example.com,114577,UK,438 196 2001,2023-10-13
C04602,,user4602@example.com,141850,USA,8025397565,2023-09-14
C02630,-1,user2630@example.com,86240,USA,445.925.8172,2023-04-05
C02025,19,user2025@example.com,191077,Australia,7428390960,2023-01-13
C03283,71,user3283@example.com,,Canada,660 681 5180,2023-10-05
C02224,45,user2224@example.com,30507,Canada,=1-869-242-3128,2023-05-04
C00970,30,user970@example.com,178961,Australia,291-303-2138,2023-10-16
C01240,43,user1240@example.com,46351,Canada,1875155003,2023-12-18
,62,user4517@example.com,165772,UK,5700684242,2023-02-27
C04886,38,user@domain.,152761,Australia,(267) 121-6909,2023-04-18
C04679,41,user4679@example.com,73074,Australia,227 259 7495,2023-10-01
C04084,24,user4084@example.com,74565,UK,=1-341-656-2113,2023-01-31
C02687,-25,user2687@example.com,30463,Australia,=1-363-120-1997,2023-01-25
C02446,30,user2446@example.com,134975,Australia,650.478.8178,2023-12-12
C00556,66,user556@example.com,0,UK,510-732-8027,2023-12-23
C02058,42,user2058@example.com,55216,UK,885.884.2039,2023-09-24
C00430,76,user430@example.com,87649,Brazil,246-504-7563,2023-07-08
C04604,72,user4604@example.com,46138,UK,677.583.5437,2023-07-27
C03566,-1,user3566@example.com,148910,Australia,130.133.1188,2023-11-05
C04273,57,user4273@example.com,142260,UK,136-978-2701,2023-06-23
C03019,27,user3019@example.com,-1000,Canada,278 114 2844,2023-11-09
C03541,58,user3541@example.com,185732,Australia,830.632.9697,2023-01-06
C04146,52,user4146@example.com,78270,UK,255.166.8273,2023-02-13
C03114,21,user3114@example.com,83785,Canada,=1-140-337-4316,2023-03-04
C04376,29,user4376@example.com,187212,Australia,381 154 8526,2023-12-02
C00291,49,user291@example.com,66191,USA,=1-826-892-4354,2023-02-18
C03804,64,user3804@example.com,,UK,816 162 7597,2023-04-08
C02147,41,user2147@example.com,39290,UK,(748) 953-5550,2023-06-08
C00253,79,,185344,USA,699 596 1890,2023-07-11
C04351,38,user4351@example.com,86017,USA,,2023-09-05
C00351,67,user351@example.com,45417,Australia,9145099778,2023-04-20
C04807,37,user4807@example.com,87089,Australia,6700521446,2023-06-26
C02528,29,user2528@example.com,151897,USA,(430) 772-9847,2023-11-03
C03487,75,missingatsign.com,,Canada,,2023-05-14
C00472,41,user472@example.com,152049,UK,773 984 7921,2023-08-14
C00091,23,user91@example.com,68342,USA,683.913.5989,2023-01-02
C01739,38,user name@domain.com,,USA,998.741.9927,2023-02-10
C01437,50,user1437@example.com,53666,Canada,=1-691-895-4593,2023-12-26
C00692,77,user692@example.com,123863,Canada,,2023-07-25
C04887,150,user4887@example.com,186568,Canada,253.247.2851,2023-11-18
C00027,0,user27@example.com,119678,USA,5430809445,2023-09-01
C02293,54,user2293@example.com,57843,UK,=1-508-285-5668,2023-10-21
C03642,60,user3642@example.com,66160,Australia,(707) 193-4243,2023-03-01
C03709,23,user3709@example.com,63477,UK,(438) 678-2686,2023-10-08
C00502,40,user502@example.com,135410,USA,,2023-06-18
C04592,40,user4592@example.com,56393,Canada,644.341.4684,2023-11-27
C01607,71,user1607@example.com,72222,UK,(405) 110-3927,2023-06-27
C02099,41,user2099@example.com,87514,Canada,420 767 4862,2023-11-27
C04607,55,user4607@example.com,122259,UK,(387) 229-2295,2023-05-17
C02978,42,user2978@example.com,33174,Australia,,2023-04-04
C04033,43,user4033@example.com,64831,USA,333 233 3072,2023-12-22
C01420,42,user1420@example.com,189882,USA,=1-937-393-6707,2023-03-08
C00255,50,,138042,Australia,(496) 482-3234,2023-06-24
C01898,150,user1898@example.com,181738,UK,8577146879,2023-01-13
C03404,38,user3404@example.com,129508,USA,206 926 9395,2023-09-21
C01979,76,user1979@example.com,44859,USA,813 670 4955,2023-11-05
,58,user4325@example.com,,USA,805-147-8141,2023-08-28
C02527,-100,user2527@example.com,57464,Canada,587.580.5208,2023-05-16
C01273,73,user1273@example.com,151015,USA,1402153307,2023-11-24
C01452,300,user1452@example.com,151008,USA,=1-951-933-7823,2023-05-25
C01262,66,user1262@example.com,,USA,681 853 5380,2023-09-27
C04899,36,user4899@example.com,52912,Brazil,2500493518,2023-01-08
C04663,25,user4663@example.com,137779,UK,(452) 230-7119,2023-05-07
C00316,39,@domain.com,35722,Australia,=1-235-908-6021,2023-02-15
C02158,21,user2158@example.com,112666,Australia,,2023-06-02
C01095,69,user@.com,0,USA,219-889-2512,2023-02-13
C04911,42,missingatsign.com,137338,Canada,=1-842-261-3472,2023-07-16
C01116,37,user1116@example.com,197361,Australia,165.450.1486,2023-07-29
C03611,57,,170021,UK,404 262 1339,2023-03-15
C03138,40,user3138@example.com,166066,USA,=1-186-821-3384,2023-06-20
C00070,,user name@domain.com,84040,Canada,886.456.3087,2023-05-12
C03264,19,user3264@example.com,-10000,Australia,,2023-02-04
C04049,40,user4049@example.com,84225,Australia,=1-225-139-4395,2023-09-22
C01659,18,user1659@example.com,199024,Australia,3654191036,2023-05-23
C04622,28,.user@domain.com,82389,Australia,895.424.6061,2023-12-14
C03050,-5,,63324,Canada,2702311064,2023-02-11
C03128,67,,-1000,Canada,870-542-1703,2023-03-05
C03874,42,,63785,Australia,414 190 6328,2023-05-01
C03729,56,user3729@example.com,156044,Canada,2142626871,2023-06-18
C01500,29,user@domain..com,107963,Australia,(402) 265-2116,2023-09-29
C02651,59,user2651@example.com,,UK,8738351331,2023-12-30
C03655,64,user3655@example.com,117201,UK,583.752.9148,2023-05-16
C01345,55,user1345@example.com,44079,Australia,=1-493-189-2742,2023-08-06
C02881,,user2881@example.com,54466,USA,(291) 968-6265,2023-10-02
C01102,47,user1102@example.com,95206,USA,(375) 866-4432,2023-07-22
C00388,41,user388@example.com,93353,Mexico,,2023-10-16
C04991,38,user4991@example.com,115468,Canada,(888) 176-3087,2023-02-20
C02896,52,no-dot@com,143428,Australia,611.407.9013,2023-06-07
C03248,41,user3248@example.com,113600,UK,311-175-7021,2023-12-03
C03602,64,user3602@example.com,148313,USA,669-641-1081,2023-10-21
C01913,61,user1913@example.com,120417,USA,=1-574-534-9501,2023-02-11
C00411,33,user411@example.com,193324,Australia,=1-881-114-9664,2023-07-05
C00585,30,user585@example.com,147126,,865.469.8046,2023-05-27
C00110,40,user110@example.com,120887,France,665 939 8373,2023-08-30
C02526,58,user2526@example.com,101154,USA,=1-550-237-1011,2023-03-07
C02743,46,user2743@example.com,46374,Canada,359 714 1170,2023-01-17
C03482,54,user3482@example.com,126952,UK,324 664 9350,2023-10-18
C04970,-100,user4970@example.com,33650,,(942) 568-8145,2023-11-30
C02624,19,user2624@example.com,81415,Canada,731.651.4728,2023-05-20
C01169,200,user1169@example.com,,USA,(611) 796-8467,2023-08-08
C00120,77,user469@example.com,63872,UK,=1-186-804-2073,2023-03-16
C00830,27,user830@example.com,0,Australia,471 137 5599,2023-03-21
C01619,39,user1619@example.com,152672,Canada,624 509 4163,2023-04-08
C03016,43,no-dot@com,180644,USA,888.135.2967,2023-01-28
C01962,24,user1962@example.com,,USA,6330254025,2023-03-30
C00487,20,user487@example.com,114040,Canada,,2023-08-13
C01635,57,user1635@example.com,159036,Australia,426-804-1178,2023-05-13
C00743,53,user743@example.com,173927,Canada,805 601 7830,2023-03-28
C04425,0,user4425@example.com,157514,UK,,2023-01-28
C00908,62,user908@example.com,89191,UK,315.412.8474,2023-03-09
C02866,36,user2866@example.com,167152,USA,1523893241,2023-05-14
C03290,23,user3290@example.com,,Australia,690.671.9977,2023-10-25
,18,user890@example.com,120932,UK,436 266 2717,2023-05-10
C03527,48,,49423,Canada,(300) 947-4425,2023-01-01
C03937,35,,39079,USA,=1-742-372-8927,2023-04-30
C00178,20,user178@example.com,34426,Germany,832 365 2692,2023-11-05
C02911,45,user2911@example.com,115382,Spain,949.974.5549,2023-10-25
C03275,71,user3275@example.com,129041,Australia,5158084368,2023-07-14
C00081,64,user81@example.com,84575,UK,=1-710-574-6330,2023-04-20
C04878,46,,,Canada,810.136.4695,2023-01-28
C02551,31,user2551@example.com,140782,Australia,8972380077,2023-07-21
C04221,72,user4221@example.com,66674,USA,=1-722-455-4750,2023-12-23
C02618,58,user2618@example.com,,Canada,938.799.6636,2023-12-17
C02901,19,user2901@example.com,39269,Australia,989 575 8408,2023-01-27
C03236,54,user@@domain.com,,Spain,=1-954-476-5575,2023-07-21
,70,user222@example.com,120270,UK,=1-268-549-4991,2023-04-09
C00094,21,user94@example.com,186044,Canada,,2023-06-24
C02628,23,user2628@example.com,127206,Australia,2643668468,2023-07-25
C00928,32,user928@example.com,-50000,UK,685 260 7129,2023-02-20
C00232,78,user3966@example.com,55993,UK,=1-609-836-2843,2023-10-03
C01559,39,user1559@example.com,195100,Canada,=1-546-490-5669,2023-03-25
C03126,54,user3382@example.com,174233,UK,2844690554,2023-05-07
C02108,76,user2108@example.com,186697,Australia,7090896471,2023-11-23
C01057,71,user1057@example.com,194529,Canada,=1-993-490-9543,2023-12-01
C03054,-100,user3054@example.com,196925,Mexico,6733350690,2023-03-27
C03693,75,user3693@example.com,75641,Canada,405.343.8813,2023-06-08
C00813,70,user813@example.com,154116,USA,7239376653,2023-06-13
C01642,31,user3932@example.com,142036,Australia,124.645.3704,2023-03-13
C01874,71,user@domain.,0,UK,5832857817,2023-10-20
C04576,0,user4576@example.com,147369,Canada,=1-526-452-1139,2023-11-20
C02592,46,user2592@example.com,178630,UK,849-717-6940,2023-03-01
C01865,76,user@.com,196421,USA,=1-590-232-5432,2023-06-31
C02941,70,user2941@example.com,151952,Australia,(943) 930-4083,2023-01-21
C03426,21,user3426@example.com,49403,Australia,126-391-6369,2023-07-26
C00623,23,user2928@example.com,,USA,=1-448-691-6424,2023-06-31
C00600,70,user600@example.com,92875,Australia,178 352 9161,2023-08-23
C02005,43,user2005@example.com,137615,USA,=1-650-918-4197,
C04735,39,user4735@example.com,60782,UK,447 812 9690,2023-10-30
C00878,62,user878@example.com,67158,Australia,230-419-8140,2023-12-30
C04145,150,invalid-email,182472,USA,372-563-9383,2023-11-01
,66,user1651@example.com,141023,UK,646-640-1640,2023-07-22
C01413,31,user1413@example.com,49692,Canada,273 212 4678,2023-10-30
C04861,49,user4861@example.com,85568,UK,3326257337,2023-01-20
C01695,18,user1695@example.com,,,=1-186-462-8069,2023-05-03
C01783,0,user1783@example.com,134501,Australia,376-949-2753,2023-07-19
C02655,19,user2655@example.com,31462,USA,1553040088,2023-12-30
C01719,49,,125632,Australia,274-795-1159,2023-01-20
C02120,-5,user2120@example.com,76121,Canada,818.292.4264,2023-02-20
C02846,26,user2846@example.com,195707,Canada,379-867-8505,2023-08-14
C04017,39,user4017@example.com,134320,UK,838.489.2081,2023-01-20
C00220,79,user220@example.com,105451,Canada,223-380-3314,2023-05-23
C01685,77,user1685@example.com,198038,UK,(324) 472-7317,2023-02-27
C03911,21,user3911@example.com,61819,Canada,8013703658,2023-09-02
C00725,79,user725@example.com,130297,Australia,=1-364-347-5979,2023-04-26
C02795,46,user@,170896,USA,574 472 6534,invalid-date
C02482,0,user2482@example.com,51638,UK,=1-716-964-1646,2023-01-26
C04526,21,user@domain.,163023,Australia,=1-883-927-4538,2023-12-21
C00044,33,user44@example.com,62402,Canada,4831693156,2023-08-17
C01039,18,user1039@example.com,142599,USA,(750) 879-6209,2023-01-24
C00211,49,user211@example.com,,Canada,276-747-1818,2023-04-12
C02324,78,user2324@example.com,136438,USA,(979) 513-9107,2023-07-06
C00355,59,user355@example.com,191033,Australia,,2023-06-19
C04849,24,user4849@example.com,100192,Canada,(377) 833-3159,2023-09-20
C01085,51,user1085@example.com,90815,Canada,=1-266-298-8148,2023-09-12
C04430,77,user4430@example.com,65507,Germany,=1-134-653-6460,not-a-date
C02766,42,,,UK,=1-165-330-4014,2023-05-22
C00368,65,user368@example.com,,UK,=1-592-679-8144,2023-07-19
C03825,66,user3825@example.com,187828,Canada,=1-445-966-9391,2023-03-20
C03741,24,user3741@example.com,99093,USA,(101) 106-9419,2023-11-02
C03859,18,user3859@example.com,95030,UK,498.271.3815,2023-01-01
C00136,41,,197093,Canada,285 918 9640,2023-03-04
C00806,53,user806@example.com,92061,USA,=1-960-622-5609,2023-11-09
C00048,64,user48@example.com,143550,Canada,(261) 380-2875,2023-09-26
C00788,26,user788@example.com,93059,USA,,2023-10-17
C02520,26,user2520@example.com,173704,UK,4745332581,2023-12-01
,35,user@,161936,Australia,915 745 7425,2023-11-29
,72,user4978@example.com,178531,UK,353-544-5992,2023-08-14
C02003,60,user2003@example.com,83687,USA,311-665-9334,2023-12-25
C01615,0,user1615@example.com,129319,Canada,(325) 185-3073,2023-12-08
C00058,35,user62@example.com,,UK,=1-234-195-8672,2023-07-05
C03257,31,user3257@example.com,,Germany,577 829 8621,2023-06-21
C01698,20,user1698@example.com,40589,Canada,379 478 2602,2023-06-14
C00096,46,user96@example.com,56654,Canada,820-673-6885,2023-11-13
C00479,,user479@example.com,95942,Australia,(729) 406-6952,2023-08-04
C04293,31,user4293@example.com,188253,Canada,5885655423,2023-08-20
C03918,-25,user3918@example.com,,Australia,9372856246,2023-02-13
C01996,52,user1996@example.com,167207,Canada,(246) 142-4451,2023-03-30
,42,no-dot@com,102377,France,510.237.6177,2023-02-08
,18,user4642@example.com,161042,UK,(691) 540-7558,2023-04-30
C02031,71,user2634@example.com,61186,UK,=1-651-282-7520,2023-07-04
C00323,76,user323@example.com,53816,Australia,688.229.8223,2023-02-27
C01129,68,user1129@example.com,,Canada,103-567-7583,2023-02-20
C02232,150,user2232@example.com,116436,Canada,(801) 668-7131,2023-11-07
C02860,23,user2860@example.com,183885,USA,166.257.4882,2023-09-17
C01508,53,user@,34765,Australia,475 624 6138,2023-06-12
C01426,31,user1426@example.com,43233,Canada,,2023-04-31
C01744,53,user1744@example.com,108537,Australia,3630098083,2023-08-02
C04534,45,user4534@example.com,70643,Australia,=1-230-740-4746,2023-03-19
C03485,25,user3485@example.com,,USA,=1-360-806-2619,2023-01-31
C00292,50,user292@example.com,40211,Mexico,(442) 344-9841,2023-10-14
C01871,72,user1871@example.com,93928,Australia,=1-722-980-7215,2023-12-01
C00912,33,user name@domain.com,44671,Australia,(645) 487-7131,2023-07-18
C00534,63,user534@example.com,88002,USA,315.980.3625,2023-01-20
C04787,53,user4787@example.com,155266,USA,,2023-04-29
C01097,55,user1097@example.com,194005,Australia,4869746864,2023-07-20
C01667,66,user1667@example.com,190206,Brazil,804.727.7218,2023-08-06
C03610,63,,182948,UK,8432663268,2023-03-28
C02289,45,user2289@example.com,121321,UK,4431481733,2023-02-30
C02169,0,user2169@example.com,181899,USA,554-752-2021,2023-09-16
C03186,43,user3941@example.com,46532,USA,773 667 4950,2023-05-07
C04546,46,user4546@example.com,137791,Australia,970.230.2691,2023-11-21
C03786,35,user3786@example.com,37435,UK,5731402291,2023-12-05
C01407,,user1407@example.com,64485,Australia,944-145-2684,2023-03-25
C02496,30,user2496@example.com,191304,India,600-858-6871,2023-07-10
C02765,51,user2765@example.com,167521,Australia,489 256 5780,2023-02-07
C03990,27,user3990@example.com,42963,USA,726-943-4216,2023-08-14
C02390,66,user2390@example.com,110863,Canada,916.857.3993,2023-09-03
,24,user3064@example.com,143627,Australia,(654) 753-2582,2023-07-01
C04597,38,user@domain.,,Australia,128 482 5375,2023-04-26
C03044,27,user3044@example.com,120697,USA,542.188.5148,2023-02-17
,22,user3666@example.com,65362,UK,,2023-02-08
C04882,71,user4882@example.com,162040,UK,=1-425-852-2792,2023-01-04
C04540,999,user4540@example.com,55020,USA,,2023-02-21
C04936,28,user4936@example.com,101820,Australia,=1-614-609-8245,2023-11-10
C00634,39,user634@example.com,31306,USA,=1-116-216-8583,2023-03-06
C02949,21,user2949@example.com,,Australia,477-576-3418,2023-08-25
C04530,300,user4530@example.com,119719,Canada,773-198-9419,2023-11-15
C03165,72,user3165@example.com,47199,USA,932 663 7440,2023-06-12
C03685,65,user3685@example.com,117736,USA,621 663 4004,2023-08-17
C03319,79,user3319@example.com,,Canada,269-417-6409,2023-12-02
C04918,25,user4918@example.com,51498,Australia,=1-840-403-3947,2023-00-15
C02255,56,user2255@example.com,167605,USA,=1-619-493-8449,2023-04-11
C01205,40,user1205@example.com,170148,Canada,111.222.2910,2023-11-16
C03271,42,user3271@example.com,140361,USA,=1-571-455-6350,2023-06-24
C02620,75,user2620@example.com,129694,Australia,432-569-5311,2023-10-24
C02857,21,user2857@example.com,62574,Australia,787 186 6220,2023-02-30
C03348,63,user3348@example.com,,Canada,4005855396,2023-05-04
C01963,34,user1963@example.com,143985,USA,7055585266,2023-07-07
C04337,-10,user4337@example.com,45791,UK,=1-843-681-7639,2023-05-13
C01533,50,user1533@example.com,125082,Canada,637 319 5250,2023-03-24
C00199,51,user3297@example.com,177764,Canada,705-407-5221,2023-04-08
C00071,130,user71@example.com,105357,USA,=1-205-515-2752,2023-09-04
C01771,75,user1771@example.com,142138,USA,241-639-8240,2023-06-02
C01145,20,user1145@example.com,161642,Canada,272 556 2895,2023-02-13
C04340,46,user4340@example.com,100246,UK,671 668 9520,2023-07-21
C03259,32,user3259@example.com,54503,UK,152 351 3384,2023-06-30
C03177,40,user3177@example.com,93580,Australia,214-445-5541,2023-12-26
C04721,0,user4721@example.com,50187,USA,(161) 588-1008,2023-06-27
C02298,49,user2298@example.com,91822,Mexico,2394184320,2023-01-11
C04407,61,user4407@example.com,65030,Canada,=1-912-838-9432,2023-05-23
C02332,32,user2332@example.com,41781,Canada,713-684-7697,2023-12-18
C01201,39,user1201@example.com,82446,Australia,600 409 3826,2023-09-15
,47,user1406@example.com,196536,USA,3334799664,2023-01-06
C01445,68,invalid-email,172482,UK,812-820-3344,2023-01-26
C02155,64,user2155@example.com,188124,USA,483 283 1174,2023-08-07
C02695,20,user2695@example.com,117924,Canada,=1-483-687-3898,2023-04-01
C00894,79,,,Australia,,2023-03-29
C03775,48,user3775@example.com,153714,,(944) 625-6206,2023-08-28
C04239,29,user4239@example.com,147116,USA,(835) 518-5310,2023-00-15
C04240,34,user4240@example.com,67755,Canada,(753) 931-7963,2023-08-16
C02074,54,,64754,Mexico,115-860-9875,2023-10-17
C02243,0,user2243@example.com,101947,UK,761-335-3262,2023-01-22
C01042,30,,183939,UK,623 755 4808,2023-11-10
C02178,42,user2178@example.com,175399,Australia,=1-303-805-9281,2023-01-25
C00301,41,user747@example.com,165530,Australia,6208260061,2023-04-01
C00735,,user735@example.com,185242,UK,435-628-4154,2023-06-09
C01906,59,user1906@example.com,33178,UK,=1-153-776-5999,2023-01-04
C04065,58,user4065@example.com,42191,Canada,117-678-8128,2023-11-08
C01936,500,user1936@example.com,190399,Australia,116.794.6789,2023-01-22
C02245,74,user2245@example.com,143753,Canada,,2023-09-01
C01594,55,@domain.com,35454,UK,,2023-03-08
C03626,35,user3626@example.com,178178,USA,=1-123-890-4700,2023-04-01
C01704,71,user1704@example.com,82227,UK,324-217-1870,2023-01-06
C01472,72,user1472@example.com,,Canada,717.897.6496,2023-05-21
C02723,66,user2723@example.com,67425,Canada,(756) 421-1785,2023-06-17
C03621,42,user3621@example.com,146680,Canada,656.799.4063,2023-01-22
C01542,21,user1542@example.com,75927,Canada,780.943.6185,2023-03-19
C00234,45,user234@example.com,114703,UK,6588610432,2023-11-17
C04581,18,user4581@example.com,155695,Australia,321.904.7732,2023-07-18
C01117,67,user2410@example.com,100219,UK,=1-354-449-5510,2023-07-04
C00416,21,user416@example.com,0,USA,789 209 3963,2023-07-19
C01371,26,user1371@example.com,129214,USA,236.376.1844,2023-02-06
C00656,-1,user656@example.com,123027,Canada,=1-348-306-5830,2023-10-09
C01599,51,user1599@example.com,,UK,570-710-3010,2023-01-20
C04036,42,user4036@example.com,125119,UK,1032545020,2023-06-16
C00018,57,user18@example.com,114227,UK,7532959755,2023-08-09
C01221,64,user1221@example.com,147305,UK,1692392816,2023-01-06
C01727,71,user1727@example.com,73461,UK,=1-363-779-8970,2023-12-09
C02368,45,user2368@example.com,187371,USA,830 550 5831,2023-08-23
C00597,43,user597@example.com,171633,UK,284.954.3757,2023-01-16
C03952,-50,user3952@example.com,34551,France,(270) 432-6958,2023-04-05
C02493,30,user2493@example.com,97163,Spain,=1-934-227-2521,2023-04-26
C00965,34,user965@example.com,63665,USA,=1-495-292-8778,2023-12-09
C02173,0,user2173@example.com,48157,USA,8148953034,2023-12-06
C01434,50,user1434@example.com,43682,UK,=1-646-604-9724,2023-09-27
C02347,58,user2347@example.com,59831,USA,901-527-5260,2023-01-05
C00372,54,user372@example.com,96668,UK,266.695.1958,2023-11-11
C01362,,user1362@example.com,40878,Australia,675 898 7393,2023-14-01
C00599,999,user599@example.com,125556,France,=1-104-638-3958,2023-09-13
C00239,18,user239@example.com,114565,UK,154.298.2846,2023-09-29
C00401,40,user4278@example.com,196862,USA,786.468.5286,2023-05-02
C03839,63,user3839@example.com,56639,Canada,(427) 628-4213,2023-04-05
C01591,150,user1591@example.com,102373,Australia,4153232553,2023-03-21
C01809,35,user1809@example.com,-10000,UK,677-498-1180,2023-08-25
C03640,30,user@,152066,Australia,=1-577-838-3027,
C04914,,user4914@example.com,117132,Australia,(143) 255-6205,2023-06-05
C03889,73,.user@domain.com,159626,UK,106 378 6914,2023-12-10
C04462,66,user4462@example.com,195278,Australia,(806) 692-2941,2023-11-22
C04674,62,,89946,USA,150-664-8522,2023-14-01
C03318,60,user3318@example.com,195767,France,3456709521,2023-05-06
C04020,57,user4020@example.com,115469,UK,(897) 811-9135,2023-11-29
C00722,43,user722@example.com,44924,Australia,623-665-6115,2023-10-31
C00839,57,user839@example.com,174989,Canada,(968) 794-1378,2023-05-23
C01546,25,,83592,Australia,=1-839-103-8381,2023-10-31
C01171,51,user1171@example.com,,USA,4019219484,2023-06-24
C04267,47,user4267@example.com,104255,UK,(946) 142-5176,2023-12-29
C00829,26,user829@example.com,123422,UK,1949822055,2023-09-05
C03278,48,,144919,UK,,2023-03-05
C01745,46,user1745@example.com,0,Australia,914 565 6685,2023-07-24
C05000,72,user5000@example.com,,Canada,=1-493-882-3798,2023-07-19
C01210,43,user1210@example.com,158308,UK,,2023-02-16
C03210,77,user3451@example.com,51673,UK,239.514.7742,2023-07-23
,78,user622@example.com,60949,USA,745 536 2522,2023-10-15
C02315,,user2315@example.com,,Canada,650 234 7200,2023-07-24
C03654,61,user3654@example.com,188517,Canada,350-804-7181,2023-01-18
C00567,130,user567@example.com,96960,USA,284 518 3391,2023-12-20
C01488,53,user1488@example.com,154857,UK,,2023-11-28
C03129,,user3129@example.com,149779,UK,899.504.1453,2023-11-23
C04270,37,user4270@example.com,148623,Canada,836.658.9241,2023-10-19
C00052,72,user52@example.com,-20000,USA,8748133196,2023-01-09
C04638,24,user4638@example.com,176429,India,3906427807,2023-10-25
C03961,,user3961@example.com,124455,USA,=1-832-842-2908,2023-05-04
C02758,37,user@.com,132739,Australia,(546) 730-7076,2023-12-11
C03291,42,user3291@example.com,190625,UK,8150869292,2023-01-28
C00535,33,user535@example.com,65531,UK,746 424 7656,2023-02-12
C04408,19,user4408@example.com,180685,Australia,(585) 307-6093,2023-04-21
C02105,24,user2105@example.com,47241,Australia,(302) 548-2862,2023-11-13
C00444,44,user444@example.com,58884,Australia,(491) 719-6356,2023-03-18
,70,user2253@example.com,35209,USA,8999232625,2023-04-28
C00196,66,user196@example.com,172980,Australia,8253523668,2023-07-04
C03627,19,user3627@example.com,88123,UK,5762969204,2023-07-17
C01727,29,,30320,USA,730-380-6926,2023-07-21
C04480,72,user4480@example.com,,Australia,8938293777,2023-03-18
C03027,33,user3027@example.com,49585,USA,=1-145-772-2032,2023-07-31
C03023,500,user3023@example.com,45479,Australia,848-808-3511,2023-08-19
C04809,63,user4809@example.com,158713,Canada,(655) 663-7078,2023-04-28
C02986,30,user2986@example.com,172432,Canada,317 255 9785,2023-02-17
C03846,-50,user3846@example.com,188376,USA,1164565091,2023-09-25
C02943,-1,user2943@example.com,79699,USA,9850050482,2023-07-13
C00645,69,user645@example.com,104816,Australia,733.932.6910,2023-05-10
C00808,40,user808@example.com,91753,Canada,=1-171-407-2469,2023-02-12
C03544,75,,196969,UK,3436507567,2023-05-03
C04455,37,user4455@example.com,37957,Canada,202 883 8257,2023-08-16
C04418,23,,169195,Australia,298 702 9977,2023-11-14
C00121,41,user121@example.com,,Australia,745 859 2279,2023-12-04
C02442,19,user2442@example.com,,UK,899-775-7390,2023-08-19
C01993,31,user1993@example.com,166319,Canada,149.677.9481,2023-04-20
,57,user4904@example.com,-50000,Australia,(998) 712-6186,2023-08-08
C02852,21,user2852@example.com,68871,UK,6906189747,2023-07-13
C00496,77,user2239@example.com,,USA,785 858 1440,2023-09-18
C00135,26,user135@example.com,-1000,USA,(367) 901-4869,2023-06-31
C03403,150,user3403@example.com,72025,Canada,448-973-7377,2023-02-13
C01984,47,user1984@example.com,141462,UK,518 745 8368,2023-01-19
C02708,25,invalid-email,64159,USA,142 466 1960,2023-06-24
C00022,44,user185@example.com,122769,Canada,,2023-10-12
C03198,50,user3198@example.com,135227,UK,,2023-04-05
C02560,62,user2560@example.com,167080,UK,303-851-6798,2023-12-31
C00512,60,user512@example.com,54618,Canada,516-472-2479,2023-06-31
C00842,67,user842@example.com,100269,UK,756 789 1849,2023-04-26
C04079,77,user4079@example.com,88959,USA,438.741.1408,2023-09-07
C02963,72,,,Australia,=1-908-748-6527,2023-03-13
C04096,18,user4096@example.com,76694,UK,520-491-2631,2023-05-29
C03739,34,user3739@example.com,58552,UK,=1-378-741-1664,2023-07-20
C01398,77,user1398@example.com,,UK,(354) 888-2369,2023-06-25
C00857,0,user857@example.com,132811,UK,632.913.4878,2023-03-26
C00252,26,user252@example.com,,Australia,(484) 325-2204,2023-12-10
C02760,67,,45804,USA,=1-887-142-9251,2023-09-20
C02887,50,.user@domain.com,125027,Australia,(166) 163-2028,2023-08-02
C02350,130,user2703@example.com,178868,UK,=1-445-565-9978,2023-02-13
C02233,42,user2233@example.com,166109,USA,588-263-6647,2023-10-13
C00123,42,user123@example.com,56672,Australia,564 624 8687,2023-05-30
C02805,72,user2805@example.com,64474,UK,(445) 664-3567,2023-06-30
C02219,23,user2219@example.com,123948,UK,141.998.4838,2023-01-10
C02338,43,user2338@example.com,115058,Canada,(583) 829-4273,2023-04-30
,71,user4798@example.com,164917,Australia,239-897-2880,2023-08-04
C00568,77,user568@example.com,49552,Australia,397-368-4858,2023-05-04
C01393,52,user1393@example.com,60676,USA,(565) 760-7594,2023-02-29
C03207,53,user3207@example.com,51584,Australia,830 919 1358,2023-12-01
C02481,37,user2481@example.com,178137,Canada,285.203.1429,2023-04-28
C02577,-1,user2577@example.com,89658,UK,7094598442,2023-02-29
C03751,69,user3751@example.com,164199,UK,3241147073,2023-08-08
C03587,49,user3587@example.com,44390,Australia,841.628.5506,2023-06-10
C01478,27,user1478@example.com,,USA,=1-909-595-1748,2023-03-06
C02926,65,user2926@example.com,151631,Australia,(314) 434-4824,2023-07-22
C01627,37,no-dot@com,137205,Canada,271 134 9378,2023-04-13
C00721,46,,168682,USA,=1-653-390-4501,2023-04-13
C02877,18,user2877@example.com,31301,Canada,289 619 1103,2023-09-19
C02054,64,user2054@example.com,51316,USA,(898) 740-2807,2023-12-20
C01433,32,user1433@example.com,138464,UK,528 662 9144,2023-07-19
C03811,28,user3811@example.com,,UK,795 994 6997,2023-02-11
C00603,26,user603@example.com,163060,Canada,482 704 2737,2023-03-25
C01567,63,user1567@example.com,142669,UK,=1-490-217-4204,2023-08-05
C03440,38,user3440@example.com,160908,Australia,,2023-02-15
C02678,74,user2678@example.com,82949,Australia,5808216311,2023-12-07
C03479,61,user3479@example.com,116704,UK,,2023-05-18
C00319,33,,0,USA,(461) 391-8469,2023-09-20
C04751,38,user4751@example.com,141259,USA,510 404 8337,2023-03-30
C04768,78,user4768@example.com,146908,USA,340.180.6144,2023-10-27
C00275,56,user275@example.com,154881,USA,(235) 467-5846,2023-07-21
C01882,37,user1882@example.com,90380,UK,229-549-3958,2023-06-09
C00550,79,user550@example.com,172961,USA,303.186.7791,2023-11-12
C02814,500,user2814@example.com,165969,UK,9741553924,2023-02-19
C01030,54,user1030@example.com,95133,USA,498-317-8516,2023-08-25
C04908,20,user4908@example.com,141695,Canada,528-182-7543,2023-01-01
C02955,31,no-dot@com,136102,Australia,117.226.1858,2023-05-29
C00606,18,user606@example.com,175328,UK,743 375 1095,2023-04-13
C02234,70,user2234@example.com,58633,UK,582-663-7456,2023-07-25
C00528,74,user528@example.com,139903,USA,5040912587,2023-05-25
C02848,30,user2848@example.com,86754,UK,=1-132-233-1174,2023-09-07
C02365,79,user2365@example.com,194145,Australia,326-479-6942,2023-12-07
C03827,79,user3827@example.com,98369,USA,455.562.9940,2023-03-01
C03797,62,user3797@example.com,153402,Canada,=1-348-997-2883,2023-06-31
C04842,44,user4842@example.com,88645,India,976 537 3326,2023-01-26
C01834,-10,,156244,Australia,236 752 4272,2023-07-07
C00299,0,user299@example.com,117893,USA,581-826-9714,2023-09-25
C03794,-5,user3794@example.com,148647,Australia,852.949.9049,2023-05-28
C02555,300,user2555@example.com,101833,Canada,223-663-5844,2023-00-15
C01596,24,missingatsign.com,132421,USA,775.152.5505,2023-05-19
C03107,26,user3107@example.com,199871,Canada,6831030525,2023-01-26
C03750,72,user3750@example.com,72462,Australia,517 892 3903,2023-06-14
C02956,78,user2956@example.com,115711,USA,665.588.7042,2023-12-17
C01584,69,user1584@example.com,162659,USA,=1-221-746-7422,2023-11-13
C02989,73,user2989@example.com,166873,Canada,263 954 4302,2023-12-08
C01245,30,,68225,USA,,2023-04-29
C00757,41,user757@example.com,136133,UK,225-660-6712,2023-01-17
C01035,38,user1035@example.com,73395,USA,,2023-07-29
C04436,66,user4436@example.com,66901,USA,197 715 1312,2023-08-30
C02388,78,user2388@example.com,116126,USA,917-157-8317,2023-12-10
C01243,42,user1243@example.com,41349,Canada,941 257 6183,2023-03-12
C01486,48,user1486@example.com,99783,UK,701-915-7260,2023-05-16
C01193,-25,user1193@example.com,0,USA,3797045905,2023-06-25
C01861,57,user1861@example.com,137325,Brazil,(309) 660-6400,2023-05-06
C00377,58,user377@example.com,91844,UK,5021451005,2023-12-01
C01033,36,user1033@example.com,188598,UK,168-323-7735,2023-12-04
C04204,37,user4204@example.com,58718,USA,,2023-05-30
,0,user3545@example.com,176104,India,,2023-02-05
C01150,49,,30917,USA,(836) 363-8803,2023-05-13
C00379,36,user@,104601,Canada,713-870-3738,2023-04-05
C01892,250,user1892@example.com,130766,USA,155-454-7731,2023-12-22
,31,,-50000,UK,698 198 9802,2023-07-06
C03712,54,user3712@example.com,189788,Australia,(294) 210-4030,2023-06-16
C01910,,,194726,UK,449-843-8111,2023-12-22
C01879,75,user1879@example.com,33748,USA,=1-110-332-7767,2023-06-27
C03700,51,user3700@example.com,0,Canada,678.694.2062,2023-08-18
C02750,76,user2750@example.com,83639,Canada,7005242777,2023-04-14
C03108,25,user3108@example.com,67011,Canada,619 349 3253,2023-03-14
C04383,36,user4383@example.com,110729,Canada,,2023-10-23
C03823,30,user3823@example.com,76705,Canada,9457072430,2023-02-16
C03947,42,user3947@example.com,0,Australia,=1-771-696-4049,not-a-date
C02656,-100,user2656@example.com,158848,Australia,=1-825-587-9771,2023-05-31
C00795,75,user795@example.com,65098,Canada,(881) 668-3057,2023-09-29
C02523,56,user2523@example.com,95756,Canada,(202) 115-6712,2023-04-25
C02459,62,user2459@example.com,,Australia,925 598 1786,2023-12-30
C02810,67,user2810@example.com,63896,Canada,1849586427,2023-01-15
C00176,64,user176@example.com,182008,USA,,2023-02-23
C01045,18,user1045@example.com,176971,Australia,342.855.8020,2023-06-30
C03946,68,user3946@example.com,142313,USA,(553) 906-4559,2023-06-25
C03910,38,user3910@example.com,131489,Canada,134 634 4343,2023-06-16
C00046,79,user46@example.com,,USA,645.426.8227,2023-04-13
,73,user2772@example.com,198065,Canada,158.214.2067,2023-10-16
C04953,57,user4953@example.com,,UK,,2023-07-08
C02699,27,user2699@example.com,46766,Canada,926-419-5774,2023-02-02
C03015,26,user3015@example.com,116442,Australia,386-527-1366,2023-08-18
C04717,0,user4717@example.com,158041,Canada,538.378.1277,2023-05-13
C01756,20,user1756@example.com,,Australia,904.979.9224,2023-04-13
C01198,32,user1198@example.com,190840,Australia,(153) 220-9444,2023-08-04
C02068,73,user2068@example.com,44389,Canada,124.335.5051,2023-09-06
C02616,68,user2616@example.com,186863,UK,399-522-1464,2023-02-09
C01706,64,,123078,Australia,,2023-05-25
C03120,22,user3120@example.com,55739,Australia,(293) 779-8778,2023-07-14
,-10,.user@domain.com,178246,UK,741-577-7978,2023-10-30
C00284,66,user284@example.com,98431,India,870 376 9887,2023-06-16
C03936,38,user3936@example.com,96060,UK,366.864.6950,2023-06-14
C03759,36,user3759@example.com,43731,,9001594091,2023-04-14
C04297,72,user4297@example.com,74247,Australia,235.308.4709,2023-02-25
,78,user1188@example.com,182191,Australia,(431) 870-1886,2023-12-13
C01261,57,invalid-email,96983,USA,1542747974,2023-01-22
C04423,78,user4423@example.com,66839,Australia,241 653 1777,2023-12-09
C02089,75,user2089@example.com,35594,UK,247.929.2370,2023-11-22
C01264,70,user2847@example.com,37465,USA,5639613442,2023-08-10
C03435,-5,user3435@example.com,125864,Canada,,2023-07-27
C02146,34,user2146@example.com,58931,Australia,=1-180-719-4504,2023-12-06
C02868,28,user2868@example.com,152013,Australia,4979553207,2023-10-27
C04695,76,,175778,USA,=1-445-316-7088,2023-06-12
C01175,62,user1175@example.com,146545,USA,4559184883,2023-08-11
C01481,27,user1481@example.com,0,UK,612 299 6152,2023-04-04
C01540,53,user1540@example.com,174098,,674-901-4253,2023-04-29
C04574,19,user4574@example.com,66021,Australia,500 301 6016,2023-05-10
C01833,51,user1833@example.com,152035,Brazil,(428) 210-8364,2023-01-14
C01703,25,user1703@example.com,69531,Canada,797-151-5078,2023-10-25
C03549,38,user3549@example.com,180823,UK,,2023-08-30
C00100,51,user100@example.com,82389,Australia,545 658 4460,2023-01-30
C01075,32,user1075@example.com,65503,UK,(666) 844-3878,2023-04-16
C01336,37,user1336@example.com,38597,USA,100-153-6269,2023-11-31
C04933,47,user4933@example.com,86747,UK,498-416-6006,2023-10-25
C03048,22,user3048@example.com,161567,Australia,=1-449-653-3612,2023-00-15
C00352,40,user352@example.com,,UK,(955) 701-2410,2023-08-27
C02751,-999,multiple@issues@invalid,-1,InvalidCountry,,invalid-date
C02318,46,user2318@example.com,107242,UK,=1-396-282-3606,2023-06-24
C00897,66,user897@example.com,80940,Canada,,2023-00-15
C04645,37,user4645@example.com,188571,Canada,385-163-1764,2023-10-11
C00719,43,user719@example.com,187221,Canada,(408) 186-1605,2023-12-25
C04321,58,user4321@example.com,183832,Canada,955 869 7623,2023-04-22
C02742,43,user2742@example.com,,,486 384 4104,2023-09-14
C02529,500,,67344,Canada,728.784.2579,2023-10-19
C00309,34,user309@example.com,185604,Australia,455 530 8272,2023-11-23
C01537,-1,user1537@example.com,163059,Australia,586 648 3632,2023-02-29
C00834,78,user834@example.com,,Canada,274 665 4174,2023-01-05
C00050,18,user367@example.com,163943,Canada,168 713 6927,2023-13-01
C04232,74,user4232@example.com,0,USA,1257563260,2023-08-05
C02096,56,user name@domain.com,135573,Australia,(137) 429-7660,2023-04-17
C00932,71,user name@domain.com,163653,UK,624 736 6511,2023-09-28
C03788,66,user3788@example.com,150871,Mexico,858 909 9186,2023-12-11
C03079,35,user3079@example.com,156082,Canada,599-877-2422,2023-10-04
C01296,26,user1296@example.com,144091,UK,,2023-08-04
C00020,250,user@domain..com,86071,USA,=1-648-119-4412,2023-03-25
C03205,78,user3205@example.com,128322,USA,802-676-4998,2023-06-07
C01341,300,user2965@example.com,93656,Canada,(204) 635-3676,2023-08-17
C00916,,user916@example.com,125430,Canada,353.154.5588,2023-02-29
C00131,62,user219@example.com,53989,USA,707-277-6496,2023-06-19
C03653,56,user3653@example.com,,Australia,=1-230-957-9583,not-a-date
C00439,150,user439@example.com,131754,Canada,623 385 3414,2023-03-27
C03916,23,user3916@example.com,176245,UK,,2023-03-08
C01200,37,user3872@example.com,87692,Canada,,2023-12-12
C03310,0,user3310@example.com,127554,Canada,(393) 349-3701,2023-09-13
C03455,27,user3455@example.com,101101,Canada,217-515-4132,2023-10-14
C01056,51,user1056@example.com,,USA,780-354-4644,2023-08-17
C04666,69,user4666@example.com,,USA,8793998005,2023-08-20
C01021,22,user@domain.,177839,USA,940.296.2035,2023-05-02
C03967,51,user3967@example.com,191564,USA,(602) 824-6355,2023-06-29
C00803,69,user803@example.com,99463,UK,161-593-5477,2023-10-31
C03018,32,user3018@example.com,-5000,Spain,(223) 751-1497,2023-11-10
C02246,68,user2246@example.com,161764,USA,769 284 7974,2023-03-13
C01128,33,user3748@example.com,71269,UK,400-744-2198,2023-02-24
C04314,73,user4314@example.com,145631,USA,=1-396-426-4997,2023-12-27
C00583,69,user583@example.com,,Australia,245 366 2914,2023-03-06
C00007,,user204@example.com,168731,USA,906.838.1701,2023-06-10
C04067,54,user4067@example.com,91715,UK,6821113146,2023-09-14
C03211,,user3438@example.com,195837,Australia,196-702-1065,2023-07-07
C02267,30,user2267@example.com,187195,Australia,224-988-9021,2023-12-31
C00163,0,user2198@example.com,75436,Australia,954-699-7318,2023-06-03
C03429,65,.user@domain.com,148884,USA,216.197.5328,2023-08-13
C03847,38,@domain.com,126058,USA,1536121369,2023-06-01
C01282,38,user1282@example.com,146841,USA,272 790 9577,2023-02-19
C00953,43,user953@example.com,57197,Australia,910.187.6129,2023-07-18
C01819,55,,199796,,2691911008,2023-06-26
C02407,32,user2407@example.com,,USA,,2023-06-23
C03372,69,invalid-email,,,(141) 327-8360,2023-10-05
C00518,0,user518@example.com,100305,USA,952.698.7388,2023-09-25
C02827,-100,@domain.com,128802,Australia,5060469890,2023-12-06
C01601,34,user1601@example.com,158652,Australia,(195) 179-9097,2023-07-13
C02441,70,user2441@example.com,111533,Canada,7841626357,2023-06-10
C00669,75,user669@example.com,151759,UK,,2023-11-21
C03624,46,user3624@example.com,81012,UK,415 521 5584,2023-11-30
C03013,300,user3013@example.com,57160,UK,154-476-4527,2023-11-15
C04927,40,user4927@example.com,191100,Australia,(970) 255-2546,2023-10-11
C02925,60,user2925@example.com,35269,USA,557-478-7832,2023-04-19
C03661,75,user3661@example.com,69422,Australia,=1-172-927-3018,2023-01-01
C02908,-100,user2908@example.com,193088,UK,116-500-8737,2023-01-18
C02374,76,user2374@example.com,56026,UK,7514683531,2023-01-02
C04632,41,user4632@example.com,123831,USA,(314) 471-5577,2023-09-09
C04955,250,user4955@example.com,171932,Australia,3999214187,2023-07-04
C03414,200,user3414@example.com,118741,UK,(963) 198-9528,2023-02-09
C01174,200,user1174@example.com,49404,Mexico,7760158051,2023-02-15
C00760,49,user760@example.com,156649,Canada,900.486.8786,2023-02-09
C01048,49,user1048@example.com,33748,Mexico,(255) 484-4348,2023-04-15
C01375,55,user1375@example.com,134433,USA,822-662-5326,2023-01-10
C02689,62,user2689@example.com,104694,Australia,272-101-9669,2023-09-14
C02581,54,user2581@example.com,119385,USA,(554) 245-5513,2023-08-09
C03725,180,user3725@example.com,,UK,7159619661,2023-04-27
C04106,47,user4106@example.com,85809,Canada,(208) 191-7729,2023-06-25
C00215,39,user215@example.com,194912,Australia,923-307-7983,2023-12-28
C03353,77,user3353@example.com,30654,Canada,307.838.3957,2023-06-06
C03340,40,user3340@example.com,67860,Canada,7363409651,2023-02-09
C00694,50,user694@example.com,,Australia,4738737735,2023-12-20
C03690,39,user3690@example.com,,UK,867.141.2897,2023-05-04
C01438,64,user1438@example.com,88817,USA,1374736832,2023-04-20
C02136,150,.user@domain.com,,UK,,2023-09-14
C02996,,user2996@example.com,90942,Canada,1882973081,2023-02-03
C01787,31,,185888,UK,4079282743,2023-11-15
C01269,200,user1269@example.com,55566,USA,=1-835-933-4748,2023-08-14
C02556,40,user2556@example.com,88755,Australia,(994) 455-6030,2023-08-07
C01002,38,user1002@example.com,148333,UK,(506) 138-1175,2023-01-10
C00197,69,user197@example.com,187495,UK,186 747 8175,2023-09-11
C03743,46,user3743@example.com,46535,Australia,156-219-7343,2023-06-29
C04676,22,user4676@example.com,31541,UK,=1-609-906-2979,2023-02-04
C01721,63,user1721@example.com,88819,UK,994 353 8742,2023-09-28
C00880,67,user880@example.com,149639,Canada,697.654.3385,2023-02-12
C04583,62,user@@domain.com,,UK,789.254.2661,2023-04-12
,46,user2168@example.com,120909,Mexico,(184) 529-2956,2023-10-07
C04594,74,user4594@example.com,147243,Brazil,2034595927,2023-09-07
,52,user3246@example.com,199801,Australia,636.517.3734,2023-10-22
C00573,300,user888@example.com,191081,Canada,8268862104,2023-06-08
,50,user1737@example.com,86635,France,311.862.2462,2023-11-21
C00069,26,user69@example.com,141022,Canada,572 966 3798,2023-05-18
C02500,56,user2500@example.com,30901,Australia,=1-214-567-1264,2023-03-11
,38,user4389@example.com,190576,Canada,725-282-8599,2023-09-27
C00569,61,user569@example.com,171880,UK,=1-561-354-7056,2023-11-30
C01655,33,user@.com,92780,UK,871.454.7559,2023-04-26
C00097,35,user97@example.com,111423,Australia,981-388-1510,2023-02-19
C01624,66,user1624@example.com,178441,Canada,737.210.7275,2023-05-27
C04865,,user4865@example.com,81507,Canada,(424) 713-1657,2023-12-15
C00140,41,user140@example.com,,USA,3738362362,2023-08-05
,61,user2415@example.com,124242,USA,2308423044,2023-01-10
C02621,70,user2621@example.com,49773,Australia,(314) 671-9966,2023-10-29
C01618,60,user1618@example.com,,UK,,2023-02-19
C04392,37,user4392@example.com,70297,Mexico,4780052031,2023-13-01
C00881,30,missingatsign.com,41332,Canada,442-272-4033,2023-10-28
C04680,76,user4680@example.com,,Canada,462-760-4641,2023-05-28
C01845,79,user1845@example.com,184934,Australia,=1-947-585-9205,2023-10-03
C01722,60,user1722@example.com,73856,USA,146-938-1284,2023-06-21
C03261,52,user name@domain.com,-1000,UK,483.154.6743,2023-11-11
C00464,46,user464@example.com,0,Canada,,2023-05-02
C02348,56,user2348@example.com,87174,Australia,3307863942,2023-12-17
C03419,28,user3419@example.com,,Australia,649.941.7973,2023-12-01
C03406,67,user3406@example.com,,Canada,=1-752-595-2096,2023-08-03
C00595,75,,55991,Canada,604 215 3425,2023-02-23
C01341,64,user name@domain.com,93293,UK,4702151315,2023-01-10
C00626,46,user626@example.com,91842,Australia,407 252 3093,2023-03-03
C00178,50,user451@example.com,164345,Australia,221 492 8374,2023-02-13
C03269,35,user@,70115,Australia,7533036232,2023-02-11
C03312,35,user3312@example.com,76330,USA,=1-485-973-2357,2023-05-20
C02406,25,user2406@example.com,153246,USA,357-872-7671,2023-08-02
C01331,23,user1331@example.com,0,Australia,(444) 536-8851,2023-01-28
C01925,66,user1925@example.com,139863,USA,6230593697,2023-01-17
C01505,68,,36511,Australia,682-599-1648,2023-02-03
C01942,,user1942@example.com,94892,Australia,2215838266,2023-03-21
C04159,28,user4159@example.com,153199,Brazil,407-175-4513,2023-12-18
C03649,36,user3649@example.com,168266,UK,=1-837-984-9592,2023-03-08
C03949,29,user3949@example.com,116373,Canada,(690) 680-4507,2023-12-05
C00151,56,user151@example.com,193317,Australia,725 767 5466,2023-01-09
C03169,33,,79294,Australia,152.537.9020,2023-11-15
C03973,,user3973@example.com,100309,Australia,371-879-9010,2023-01-27
C02705,18,user2705@example.com,194211,UK,3381395514,2023-01-04
C01483,71,user1483@example.com,74041,USA,3897756110,2023-04-24
C00089,19,user89@example.com,35355,USA,=1-398-499-8326,2023-08-26
C00458,52,user458@example.com,42297,UK,7312821876,2023-12-15
C02419,75,user2419@example.com,110428,Australia,427.884.9690,2023-07-01
C02946,28,no-dot@com,55279,USA,817 938 1178,2023-02-02
C03292,30,user3292@example.com,53548,Australia,=1-259-783-9520,2023-02-04
C03249,59,user3249@example.com,-1000,UK,218.718.7756,2023-06-09
C02019,50,user2019@example.com,64782,Canada,543-202-9540,2023-04-17
C01673,18,user1673@example.com,144527,UK,429.891.8908,2023-01-14
C03671,52,user3671@example.com,110280,USA,8433416894,2023-13-01
C00832,61,user832@example.com,53199,Canada,300-940-7489,2023-08-20
C00240,74,user240@example.com,-50000,UK,(801) 964-8772,2023-03-26
C04697,32,user4697@example.com,0,USA,4430553734,2023-02-09
C01000,66,user1000@example.com,0,Australia,174-754-8567,2023-01-04
C00751,71,user2593@example.com,91084,USA,(990) 970-9102,2023-01-08
C02400,,user2400@example.com,62230,France,(589) 219-8240,2023-06-13
C04290,37,user4290@example.com,187359,Canada,3572043011,2023-07-22
C01180,64,,75066,Mexico,641-457-5620,2023-10-22
C00193,250,user193@example.com,182679,China,1872395778,2023-06-05
C03632,44,user3632@example.com,180862,Canada,8251009913,2023-08-25
C01779,41,user3768@example.com,174179,UK,466.832.3805,2023-08-24
C03061,61,user3868@example.com,95886,USA,298-413-2965,2023-12-23
C00945,29,user945@example.com,120101,Canada,9213620437,2023-08-10
C04195,250,user4195@example.com,0,USA,799 845 2013,2023-05-06
C04122,38,user@,119743,UK,653.147.7861,2023-09-19
C00804,30,user4245@example.com,196766,Australia,,2023-03-11
C04903,-5,,143655,Australia,537 749 4427,2023-11-23
C04439,31,user4439@example.com,82127,Canada,2671021843,2023-09-10
C01410,0,user3039@example.com,121229,Canada,8040800825,2023-08-23
C02575,61,user2575@example.com,37533,USA,(592) 942-3625,2023-02-24
C04155,36,user4155@example.com,56498,USA,=1-142-546-3252,2023-08-26
C03633,59,user3880@example.com,65187,Canada,343-917-7983,2023-04-05
C04228,55,user4228@example.com,73723,UK,180-281-5602,2023-09-15
C04951,33,user4951@example.com,176701,USA,582-983-8315,2023-09-14
C01376,72,user1376@example.com,101386,China,5868824748,2023-10-27
C03917,32,user3917@example.com,88032,UK,559 752 8226,2023-02-22
C02991,999,user2991@example.com,175343,USA,366.502.2952,2023-12-27
C02145,79,user2145@example.com,45989,UK,958.634.6193,2023-05-04
C04759,41,user4759@example.com,62214,UK,678.536.4055,2023-04-27
C02532,45,user2532@example.com,162534,UK,(330) 775-2346,2023-11-16
C04932,180,user4932@example.com,147399,USA,=1-434-368-9802,2023-02-25
C00192,30,user@,142217,Canada,961-570-5750,2023-03-22
,,user1490@example.com,40703,USA,(926) 797-3307,2023-07-09
C02891,52,user2891@example.com,187604,Australia,862-790-2445,2023-10-11
C02474,63,user2474@example.com,51398,Brazil,738-948-7388,2023-08-02
C02728,45,user@,171215,Australia,=1-479-797-1732,2023-06-03
C01216,20,user1216@example.com,121036,Australia,=1-651-830-3033,2023-02-27
C04037,73,user4037@example.com,96830,Canada,2226023307,2023-12-19
C02985,56,user2985@example.com,53760,Canada,621.948.3689,2023-03-21
C02883,500,user2883@example.com,54354,USA,=1-522-618-5676,2023-07-11
C03669,21,user3669@example.com,156683,Australia,443.445.7852,2023-02-08
C00074,59,user1104@example.com,197679,UK,(935) 603-1025,2023-07-26
C04404,62,user4404@example.com,35057,Canada,452 234 5212,2023-11-02
C04000,64,user4000@example.com,112867,UK,232-285-1685,2023-11-05
,45,user1666@example.com,130260,Australia,411-176-5320,2023-12-07
C00167,52,user167@example.com,81955,USA,578.776.2240,2023-12-12
C00120,46,user1617@example.com,174341,Canada,456-825-5822,2023-01-24
C01372,,user1372@example.com,143936,Canada,5209169576,2023-10-04
C01025,20,user1025@example.com,42226,USA,675.741.4105,2023-02-08
C01339,66,user1339@example.com,102391,UK,603.472.6476,2023-06-22
C04783,300,user4783@example.com,97194,France,=1-785-937-9735,2023-06-10
C03663,25,user3663@example.com,151544,UK,,2023-01-24
C01850,71,user1850@example.com,33969,USA,336 152 9856,2023-03-14
C04826,55,user4826@example.com,148920,Canada,(138) 409-4405,2023-08-14
C04153,67,user4153@example.com,90646,USA,,2023-02-20
C02981,24,user2981@example.com,197001,Mexico,=1-169-141-4278,2023-01-22
C00153,150,,101354,Canada,770.698.7408,2023-08-29
C02553,35,user2553@example.com,139164,UK,757 126 9901,2023-03-30
C04704,54,user4704@example.com,65863,Australia,768-675-6307,2023-02-16
C03133,75,user@domain..com,35499,UK,729 909 9348,2023-02-07
C03898,23,user3898@example.com,163058,UK,=1-445-858-5581,2023-11-15
C03717,-100,user3717@example.com,65371,UK,5800556513,
C03795,77,user3795@example.com,186164,Australia,2880899340,2023-10-30
C02884,77,user2884@example.com,123297,Australia,(536) 356-6648,2023-05-28
C04117,33,user4117@example.com,110818,Australia,647.241.3633,2023-12-29
C04838,34,user4838@example.com,54502,Australia,518.579.8224,2023-06-28
C02969,59,,151118,UK,510 658 2018,2023-04-07
C01863,53,user1863@example.com,-10000,USA,,2023-12-23
C00032,,user32@example.com,192969,UK,(194) 554-9290,2023-05-18
C00107,28,user938@example.com,148094,Australia,401-962-9220,2023-01-21
C01236,74,user@.com,129165,USA,7967780181,2023-08-31
C01967,39,user1967@example.com,75256,UK,(683) 947-3052,2023-06-26
C02345,52,user2345@example.com,72674,Canada,866-133-7657,2023-04-14
C00310,55,user310@example.com,0,Australia,3768898601,2023-10-12
,0,user2472@example.com,113860,Canada,640 899 8084,2023-09-01
C03323,36,user3323@example.com,117453,UK,373-707-5774,2023-07-25
C03135,39,user@,0,USA,(713) 633-5712,2023-07-18
C04374,64,user4374@example.com,31906,Germany,2714973730,2023-02-13
C00496,63,user496@example.com,55675,UK,=1-305-473-8577,2023-10-17
C00206,-100,user206@example.com,193865,USA,794 991 9791,2023-05-15
C02909,19,user2909@example.com,41962,India,(377) 445-4240,2023-10-10
C03379,200,user3379@example.com,157043,Canada,975-340-7373,2023-04-24
C04677,47,invalid-email,159237,USA,=1-926-262-4275,2023-03-08
C00306,28,user306@example.com,197849,USA,(995) 309-9530,2023-06-31
C03818,69,user3818@example.com,,Australia,=1-704-647-5399,2023-07-13
C02352,46,user2352@example.com,83051,USA,509.833.9381,2023-01-20
C01062,29,,95901,USA,=1-662-951-4348,2023-02-14
C00844,75,user844@example.com,71458,Australia,224.796.9491,2023-04-14
C02733,76,user2733@example.com,71984,Australia,490-310-2905,2023-05-28
C02269,44,user2269@example.com,80013,Australia,535.445.5852,2023-08-02
C00212,24,user212@example.com,156311,Australia,940.912.2594,2023-03-10
C03740,,user3740@example.com,190020,USA,952-268-8838,2023-07-19
C00680,33,user680@example.com,80516,USA,1681205304,2023-06-27
C00566,25,user566@example.com,177595,Australia,3908503113,2023-10-16
C01790,19,user1790@example.com,103914,Canada,743.418.1105,2023-07-16
C03604,38,,186688,Canada,9368508491,2023-06-14
C00681,72,user681@example.com,99212,UK,=1-132-926-2043,2023-12-12
C00181,43,user181@example.com,41308,China,3750219066,2023-07-25
C02679,45,user2679@example.com,125558,UK,196-513-7347,2023-12-24
C04428,25,user@,140100,Australia,(310) 678-3994,2023-02-27
C02201,68,user2334@example.com,147358,UK,(682) 740-8731,2023-03-12
C04288,26,user4288@example.com,49360,Canada,7782954756,2023-05-31
C00279,54,user279@example.com,33642,Canada,574 890 3271,2023-10-19
C01130,64,user1130@example.com,196667,USA,4973004177,2023-09-28
C04314,68,user4756@example.com,151211,USA,516-350-6783,2023-11-26
C00433,72,user433@example.com,184136,,(709) 964-7623,2023-06-12
C00290,-5,user290@example.com,106253,Canada,(763) 672-2097,2023-02-23
C01028,54,user1028@example.com,-20000,Mexico,465-431-3844,2023-12-04
C00536,31,,34986,Australia,380-987-2312,2023-04-17
C04473,58,,117640,Australia,,2023-12-17
C00189,43,,63870,Mexico,6595603986,2023-06-06
C02192,-25,user2192@example.com,0,UK,331 955 4084,2023-12-18
C03940,999,user3940@example.com,122906,UK,=1-936-894-8431,2023-03-20
C01938,25,user1938@example.com,,USA,211.179.9305,2023-03-17
C00271,75,user271@example.com,68870,Australia,5439366473,2023-04-07
C02227,76,user2227@example.com,104286,USA,569.505.3708,2023-04-20
C04099,54,user4099@example.com,104329,USA,(338) 950-3854,2023-01-18
C02175,26,user2175@example.com,65932,Canada,297-944-9216,2023-05-09
C04162,61,user4162@example.com,109569,Canada,(831) 517-2768,2023-12-04
C00112,74,user name@domain.com,77377,Canada,719 107 9161,2023-01-21
C04707,54,,161627,USA,776 158 9334,2023-06-11
C00221,0,user221@example.com,48990,Australia,272 813 7060,2023-10-15
C00628,20,user628@example.com,177265,USA,(635) 537-5841,2023-09-27
C01484,55,user1484@example.com,61954,UK,517.859.9250,2023-07-05
C03378,45,user3378@example.com,136750,UK,=1-318-646-5711,2023-07-31
C02440,70,user2440@example.com,156796,Canada,(433) 840-8859,2023-04-19
C00791,31,user791@example.com,42356,Australia,375-162-6215,2023-07-04
C02006,72,user2006@example.com,160976,Australia,600-952-1422,2023-02-23
C00462,45,user462@example.com,62920,Canada,428.162.1461,2023-11-30
C04417,55,user4417@example.com,77218,Australia,=1-545-139-8033,2023-03-22
C00552,39,user@.com,172326,UK,=1-329-121-1376,2023-03-01
,45,user1159@example.com,184542,Australia,858.706.4082,2023-01-27
C01176,44,user1176@example.com,186452,Spain,398 821 7171,2023-02-05
C00199,49,user199@example.com,91215,Australia,297-125-4907,2023-10-03
C02608,250,user2608@example.com,189094,UK,694.788.7911,2023-04-19
C03471,34,user3471@example.com,90654,Canada,262 162 1976,2023-10-02
C00403,42,user403@example.com,188128,Canada,=1-160-580-2948,2023-03-10
C03076,52,user3076@example.com,151169,Australia,870 651 2605,2023-11-03
C01148,78,user2154@example.com,135686,USA,=1-673-997-4129,2023-08-16
C04779,54,user4779@example.com,116339,USA,117.638.3807,2023-07-15
C04802,56,user4802@example.com,191771,Australia,(438) 696-6527,2023-03-22
C03293,70,,198337,USA,4850825248,2023-04-09
C04477,68,user4477@example.com,182431,UK,7181455756,2023-11-13
C00651,65,user651@example.com,133061,USA,3313194377,2023-06-05
C00709,29,user709@example.com,149729,Canada,(544) 162-7443,2023-11-18
C01504,,user1504@example.com,97766,UK,4969240305,2023-03-23
C04429,36,user4429@example.com,187060,UK,4541853179,2023-02-02
C04977,79,user4977@example.com,160000,Canada,281 507 8452,2023-07-06
C04511,25,user4511@example.com,119876,Canada,962.265.4697,2023-03-19
C03596,47,user3596@example.com,92785,Canada,,2023-07-20
C00315,23,user315@example.com,181094,Australia,=1-555-568-5982,2023-13-01
C01222,77,user1222@example.com,186410,Australia,=1-362-971-1573,2023-10-06
C04905,24,user4905@example.com,127459,UK,338 374 4030,2023-12-13
C00114,57,user@@domain.com,92491,USA,659 690 7012,2023-08-06
C00961,58,user961@example.com,150927,UK,7603958937,2023-06-09
C01524,77,,167815,UK,=1-444-868-2969,2023-01-18
C02275,51,,,Australia,(186) 647-2549,2023-09-27
C04426,43,user4426@example.com,0,USA,468 559 6497,2023-06-30
C04646,130,user4646@example.com,158692,Canada,8302586695,2023-05-21
C01297,72,user1297@example.com,147797,Australia,=1-626-257-7729,2023-02-25
C04559,74,user4559@example.com,58251,UK,405 487 1669,2023-05-26
C04040,25,user4040@example.com,54398,UK,=1-886-755-8396,2023-02-28
C02573,49,user2573@example.com,30066,Canada,(851) 727-2094,2023-05-05
C03436,69,user3436@example.com,38417,Canada,195 773 6460,2023-12-10
C04543,58,user4543@example.com,74912,Canada,383-831-3445,2023-08-09
C01840,62,user1840@example.com,182169,Australia,(134) 929-3302,2023-01-16
C02961,63,user2961@example.com,143218,USA,6510051851,2023-01-08
C02229,58,user2229@example.com,168426,UK,(276) 408-6038,2023-03-06
C04705,59,user4705@example.com,177776,Australia,(113) 775-2175,2023-11-29
C01423,42,user2016@example.com,0,Canada,745 853 9402,2023-06-28
C04205,78,user4205@example.com,198913,Australia,(148) 400-7165,2023-07-14
C03037,77,user3037@example.com,184417,USA,(482) 774-7082,2023-10-31
C04148,45,user4148@example.com,110206,UK,495-245-3618,2023-06-13
C00039,34,user1841@example.com,164164,Canada,468-892-7685,2023-04-26
C01593,28,user1593@example.com,50884,Canada,(345) 768-4633,2023-03-26
C02882,38,user2882@example.com,56081,Canada,,2023-01-23
C03347,79,user name@domain.com,98580,UK,236 935 6356,2023-07-14
C04603,62,user4603@example.com,72942,Australia,(469) 345-8153,2023-04-31
C04048,69,user4048@example.com,47482,Canada,668-160-2941,2023-05-15
,180,user1653@example.com,179351,Australia,197 949 7800,2023-04-22
C00790,45,user790@example.com,112722,Canada,=1-870-616-7308,2023-04-08
C02283,,user2283@example.com,46555,Australia,752.867.5947,2023-07-13
C02218,50,,127799,UK,=1-445-594-7572,2023-08-01
C03705,33,user3705@example.com,163114,Canada,=1-686-927-7158,2023-09-02
C00872,27,user872@example.com,173279,Australia,205-112-2106,2023-08-03
C04893,73,user4893@example.com,197462,USA,401.409.8255,2023-12-03
C02125,20,user2125@example.com,165909,Canada,,2023-09-30
C03244,35,user3244@example.com,,Australia,=1-577-762-9514,2023-01-05
C00074,45,user74@example.com,135426,Canada,=1-523-344-4992,2023-09-19
C01780,0,user1780@example.com,,Canada,(512) 786-1097,2023-01-08
C01770,130,missingatsign.com,,Canada,(484) 901-8158,2023-09-10
C04884,59,user4884@example.com,65010,UK,(604) 497-5170,2023-03-05
C03698,,user3698@example.com,97600,USA,807 810 1295,2023-02-21
C04339,33,user4339@example.com,180737,UK,640-339-9846,2023-12-17
C04590,48,user4590@example.com,150721,Australia,(237) 837-5615,2023-11-14
C03834,68,user3834@example.com,191358,UK,898 179 2040,2023-10-06
C04336,58,user4336@example.com,139381,USA,667.244.7191,2023-10-03
C04997,39,user4997@example.com,169143,Canada,3901494974,2023-05-13
C01752,37,user1752@example.com,107853,India,(389) 945-3022,2023-07-28
C00495,57,user495@example.com,71520,Canada,3691907159,2023-02-30
C02819,53,user3152@example.com,128827,Canada,712.534.4085,2023-07-30
C02395,32,user2395@example.com,0,UK,4878929220,2023-10-13
C02118,999,user2118@example.com,189693,UK,425-526-3936,2023-08-14
C01165,18,user1165@example.com,104102,Germany,889.473.3069,2023-09-27
C02310,39,user2310@example.com,132828,UK,790 578 1484,2023-03-30
C03931,73,,99263,Canada,263 308 8588,2023-02-28
C02597,999,user2597@example.com,161870,USA,755.620.6387,2023-06-21
C02487,77,user2487@example.com,32159,Australia,(322) 890-6821,2023-07-16
C01729,,user1729@example.com,113136,UK,408.827.6467,2023-10-20
C00619,70,user619@example.com,127718,UK,497 587 5398,2023-10-31
C02463,55,user2463@example.com,192730,Canada,=1-603-389-6468,2023-07-11
C01715,52,user1715@example.com,108270,Canada,797.171.3730,2023-09-14
C03985,19,user3985@example.com,199898,Canada,897-252-3743,2023-04-26
C04227,64,user4227@example.com,160864,France,,2023-01-26
C03427,51,user3427@example.com,33681,Canada,,2023-04-19
C01524,57,user3432@example.com,135386,Australia,(150) 383-6103,2023-03-24
C00870,200,user870@example.com,162992,UK,4362655061,2023-09-08
C04858,34,user4858@example.com,102782,UK,7421801785,2023-07-02
C01043,21,user1043@example.com,30203,Mexico,=1-701-821-1217,2023-11-15
C02649,47,user2649@example.com,91957,USA,290 968 9496,2023-11-15
C00357,24,user357@example.com,148474,Australia,4929345815,not-a-date
C01163,38,,165601,Brazil,163.704.9775,2023-05-25
C02785,67,user2785@example.com,96985,Australia,256 565 9789,2023-07-25
C01323,32,user1323@example.com,76151,USA,(585) 823-2688,2023-10-26
C04396,,user4396@example.com,,USA,929-540-6143,2023-09-02
C01724,21,user1724@example.com,71938,Australia,,2023-12-31
C01114,78,user2603@example.com,102833,Canada,899-946-8993,2023-05-11
C03569,57,user3569@example.com,164515,UK,268.875.2328,2023-01-03
C04682,28,user4682@example.com,131387,USA,8984473676,2023-06-06
C03366,53,user3366@example.com,188272,USA,949 999 7836,2023-10-18
C03863,23,user3863@example.com,0,UK,673-827-7409,2023-11-11
C00333,43,user333@example.com,-10000,Australia,=1-846-552-6549,2023-14-01
C01816,34,user1816@example.com,91692,Australia,5945236997,2023-09-25
C02756,29,user2756@example.com,156519,USA,(138) 953-7358,2023-01-06
C01676,72,user1676@example.com,141362,Mexico,=1-955-993-4971,2023-05-06
C03692,43,user3692@example.com,61169,UK,=1-558-898-4179,2023-12-31
C00189,24,user2880@example.com,195750,Canada,4271332825,2023-08-22
C01117,41,user1117@example.com,63340,Canada,=1-340-589-8949,2023-05-27
C01878,50,user@,184237,USA,343-337-2507,2023-02-20
C03577,77,user3577@example.com,101260,UK,,2023-07-03
C02537,76,user2537@example.com,44175,USA,827.573.9518,2023-06-05
C02485,49,user@@domain.com,64924,Canada,,2023-03-01
C03287,20,,-50000,Canada,3119490078,2023-03-21
C03882,39,user3882@example.com,174825,Australia,735-372-3452,2023-02-13
C00446,38,user446@example.com,48375,UK,776-869-9518,2023-11-13
C04053,60,.user@domain.com,111110,Canada,265 533 9458,2023-12-29
C00453,77,user453@example.com,191953,Canada,136 133 3897,2023-02-27
C03856,56,user3856@example.com,164457,Canada,800-796-6371,2023-04-16
,66,user4449@example.com,127170,Canada,,2023-01-25
C02975,-25,user2975@example.com,113123,USA,6263567754,2023-02-25
C00015,41,user15@example.com,,UK,9742656117,2023-09-31
C02643,50,user2643@example.com,137792,Australia,606-329-4587,2023-10-10
C00946,41,user946@example.com,32382,USA,888-406-5617,2023-03-05
C00248,-5,user248@example.com,73527,Canada,(838) 555-6340,2023-03-11
C01906,29,user3239@example.com,141001,Canada,1181563479,2023-09-31
C00361,65,user361@example.com,73361,UK,672 857 8593,2023-03-27
C04672,,,50991,Canada,,2023-08-20
C01565,38,user1565@example.com,,Australia,=1-925-133-5749,2023-12-17
C03266,35,.user@domain.com,81482,UK,(417) 618-3718,2023-03-01
C04877,39,user4877@example.com,60348,Canada,983-944-8941,2023-03-03
C03190,38,.user@domain.com,40358,Canada,=1-981-714-7335,2023-04-08
C02637,57,user3102@example.com,95679,Australia,,2023-12-28
C04465,60,user4465@example.com,65031,USA,618-726-5656,2023-11-13
C01361,61,user1361@example.com,45916,China,269-548-9344,2023-12-20
C04900,67,no-dot@com,110771,Germany,=1-884-995-6131,2023-09-19
C04114,28,,172182,Australia,=1-740-701-5747,2023-02-16
C00491,48,user491@example.com,72291,USA,=1-627-564-9971,2023-12-30
C00863,23,user863@example.com,66320,UK,408-725-8075,2023-01-02
C01768,61,,169379,Australia,412.187.5871,2023-10-27
C02230,30,user2230@example.com,139598,Canada,289-341-4331,2023-02-26
C02095,23,user2095@example.com,116005,USA,418 858 6535,2023-02-01
C02465,150,user2465@example.com,129485,Australia,678-194-2840,2023-02-18
C01648,49,user1648@example.com,48019,Australia,(690) 121-5670,2023-04-09
C00507,43,,159887,USA,908.922.5551,2023-04-01
C02818,29,user2818@example.com,,USA,307.861.3467,2023-09-14
C04380,64,user4380@example.com,111199,Canada,2202584661,2023-07-28
C01972,0,user1972@example.com,78803,Australia,2950212154,2023-09-22
C01223,62,user1223@example.com,62101,UK,227-618-5891,2023-06-09
C01114,34,user1114@example.com,169282,USA,1713506306,2023-06-02
C01935,33,user1935@example.com,-1000,USA,9555450885,2023-09-11
C04810,75,,46619,Canada,309-403-4007,2023-03-17
C02498,43,user2498@example.com,130485,USA,,2023-03-28
C04688,71,,179725,Brazil,(807) 256-3320,2023-11-12
C00434,39,@domain.com,55711,Australia,338-958-7958,2023-02-04
C02084,74,user2084@example.com,99639,Canada,845 503 7106,2023-07-05
C04703,78,user4703@example.com,153637,Australia,(977) 672-5995,2023-06-04
C02856,500,user2856@example.com,74462,Canada,388 373 2364,2023-11-03
C04369,49,user4369@example.com,105839,USA,545.898.9286,2023-02-19
C04521,64,user4521@example.com,103366,Australia,8514580698,2023-11-12
C04781,38,missingatsign.com,93230,USA,=1-530-231-8815,2023-10-03
C04982,56,no-dot@com,111099,Canada,789-653-9324,2023-11-04
C03274,78,user3274@example.com,49222,Canada,881 626 1592,2023-02-28
C03486,74,user3486@example.com,176895,Canada,982.774.9462,2023-02-28
C01103,72,user1103@example.com,126462,Canada,2323280914,2023-08-01
C02469,41,user2469@example.com,167046,USA,576.562.3493,invalid-date
C02331,64,user2331@example.com,120140,USA,=1-329-241-9247,2023-07-03
C04668,29,,,Australia,=1-717-722-3855,2023-11-22
C03867,77,user3867@example.com,0,USA,2124023059,2023-06-13
C00157,25,user157@example.com,,Canada,660.110.1138,2023-06-12
C02999,-1,user2999@example.com,112203,USA,=1-937-410-6913,2023-08-31
C03568,34,user3568@example.com,156189,Canada,1130341144,2023-05-29
C00616,42,user616@example.com,,Canada,405-602-8083,2023-01-04
C00644,79,user644@example.com,70387,USA,808 514 8974,2023-01-15
C04244,77,user4244@example.com,-20000,UK,333.540.6664,2023-09-10
C03878,41,user3878@example.com,174375,Canada,=1-319-937-7872,2023-01-10
,76,user1069@example.com,189973,Canada,181 468 7524,2023-04-22
C03306,49,user3306@example.com,188761,Canada,(524) 584-1501,2023-07-22
C02664,77,user2664@example.com,,UK,798-462-2071,2023-02-28
C04254,76,user4254@example.com,99959,China,4779805199,2023-02-02
C03210,67,user3210@example.com,59063,India,2821658058,2023-05-08
C00331,53,user331@example.com,115744,Australia,,2023-06-25
C04013,43,,80387,USA,980.108.6351,2023-08-06
C02665,78,user2665@example.com,154069,Australia,9708376770,2023-09-25
C04495,29,,0,Canada,(105) 752-9863,2023-10-27
C00623,56,user623@example.com,183619,USA,625-449-8594,2023-02-07
C04974,40,user4974@example.com,78113,Canada,(934) 595-7676,2023-02-10
C02343,,,67038,USA,=1-756-213-6427,2023-04-02
C04478,76,user4478@example.com,73822,Canada,145.896.4958,2023-02-13
C02922,,user2922@example.com,62769,USA,=1-388-449-7117,2023-01-22
C04271,66,user4271@example.com,67387,UK,(373) 739-4759,2023-11-16
C02053,61,user2053@example.com,109788,Australia,=1-996-270-9782,2023-03-19
C02729,64,user2729@example.com,176653,Australia,(201) 568-4042,2023-07-13
C00756,49,user756@example.com,111982,UK,(938) 857-9008,2023-10-01
C00519,43,user519@example.com,198636,USA,4195279456,2023-09-29
C03828,71,user3828@example.com,39589,UK,=1-568-929-1586,2023-05-03
C00033,75,user33@example.com,80961,UK,918-594-9192,2023-06-22
C02958,65,user2958@example.com,70860,USA,=1-126-743-8114,2023-07-22
,35,,91169,Canada,189.214.2460,2023-01-11
C00745,54,user745@example.com,131121,Canada,,2023-06-01
C01425,57,user1425@example.com,58054,Canada,9488312421,2023-06-12
C02421,37,user2421@example.com,51042,Canada,=1-315-684-3532,2023-06-26
C01663,67,user1663@example.com,139708,Canada,5250149467,not-a-date
C02610,999,user2610@example.com,107506,Australia,762.907.8212,2023-10-22
C00784,78,user784@example.com,,UK,=1-433-285-1445,2023-07-08
C04934,-1,user4934@example.com,75712,Canada,(957) 956-1015,2023-02-20
C04739,68,user4739@example.com,86411,UK,717-193-7262,2023-07-08
C00230,79,,143000,Australia,,2023-09-07
C00858,24,user@.com,84935,Canada,894-714-8184,2023-11-11
C01520,25,user1520@example.com,-50000,UK,436 166 6198,2023-05-15
C02380,20,user2380@example.com,188353,Canada,(416) 311-4675,2023-05-22
C00409,71,user409@example.com,198616,UK,=1-899-846-4962,2023-09-16
C00171,-50,user171@example.com,76607,Australia,895.163.7271,2023-01-24
,45,user541@example.com,,Australia,6698426649,2023-03-12
C02228,65,user2228@example.com,46122,Brazil,100 774 3416,2023-12-18
C02322,52,user2322@example.com,153769,Brazil,745.208.6206,2023-07-14
C02586,20,user2586@example.com,62966,USA,654-860-8444,2023-02-30
C00614,71,,133937,Canada,(497) 898-7592,2023-08-20
C01514,28,.user@domain.com,101088,Spain,=1-508-974-2195,2023-02-10
C01836,,user1836@example.com,111326,Australia,2228744350,2023-01-25
C03460,38,user3460@example.com,142698,Canada,(383) 215-1046,2023-04-11
C01162,39,user1162@example.com,89821,Canada,690 854 1027,2023-08-14
C02078,70,user2078@example.com,119524,USA,380.569.4320,2023-07-01
C03170,29,user3170@example.com,195250,Germany,=1-210-587-8162,2023-07-28
C01621,45,user1621@example.com,52553,Canada,205 697 6105,2023-04-18
C03780,53,user3780@example.com,93044,USA,370.706.1805,2023-12-05
C01894,43,user1894@example.com,56206,UK,308-240-9535,2023-08-24
C02216,30,user2216@example.com,126444,USA,7010091529,2023-07-02
C00278,50,user565@example.com,122036,Australia,=1-320-943-5636,2023-02-02
C04960,55,user4960@example.com,,USA,456-301-3642,2023-04-01
C04377,71,user4377@example.com,149289,Australia,(316) 947-3228,2023-11-23
C01823,70,user1823@example.com,,UK,232.814.6309,2023-05-19
C02793,72,user2793@example.com,73258,UK,(515) 531-7844,2023-11-31
C03733,63,user3733@example.com,172339,Australia,200 788 3387,2023-10-10
C02288,51,user2288@example.com,-10000,UK,=1-974-912-4993,2023-01-11
C04944,49,user4944@example.com,41539,USA,725-244-8145,2023-03-15
C03498,-1,user3498@example.com,55163,USA,7717423384,2023-01-02
C01558,58,user name@domain.com,50922,UK,281.666.3664,2023-12-18
C03484,30,user3484@example.com,101116,UK,374-838-7075,2023-02-24
C03209,40,,63541,Australia,120 602 8148,2023-10-11
C01539,61,user1539@example.com,108484,USA,7744459607,2023-10-07
C01173,-50,user1173@example.com,,Canada,5825241186,2023-09-25
C00248,23,user1449@example.com,108116,Canada,957 708 3591,2023-09-21
C00326,46,,0,UK,251.481.8347,2023-04-21
C01052,-50,user1052@example.com,186255,Australia,(384) 425-1648,2023-02-01
C03594,75,user3594@example.com,112768,UK,=1-831-140-8696,2023-09-30
C03814,43,user3814@example.com,83997,USA,683 253 2193,2023-07-08
C02906,43,user2906@example.com,134127,UK,4888501524,2023-02-11
C03662,33,user3662@example.com,196280,France,=1-754-890-5699,2023-05-03
C04623,,,83014,USA,(835) 929-1914,2023-10-23
C01197,69,user1197@example.com,-5000,UK,198-464-8763,2023-06-03
C00621,33,user621@example.com,124876,Canada,930 477 4053,2023-08-07
C03276,50,user3276@example.com,134504,Australia,438 776 8206,2023-04-07
C02900,27,user2900@example.com,30060,Australia,572 432 7606,2023-10-22
C01190,43,user1190@example.com,55517,UK,5885787104,2023-05-26
C00329,,user329@example.com,137096,Australia,(569) 427-3556,2023-02-15
C00649,43,user649@example.com,176510,Canada,314-592-3378,2023-02-29
C00898,42,user898@example.com,,USA,110.175.6863,2023-07-27
C01492,73,invalid-email,173464,Canada,,2023-03-23
C01124,79,user1124@example.com,141585,UK,=1-539-444-7074,2023-11-17
C03948,38,user3948@example.com,185642,UK,433-286-3826,2023-09-19
C04986,34,user4986@example.com,101017,UK,593 604 7318,2023-05-06
C02788,72,user name@domain.com,61551,Canada,363 264 7030,2023-01-19
C01422,57,user1422@example.com,52800,UK,930.828.2251,2023-01-05
,-10,user1947@example.com,137340,Australia,(705) 126-2740,2023-01-14
C01814,55,,146477,Canada,=1-315-457-9602,2023-09-23
C03334,67,user3334@example.com,34763,UK,2402777787,2023-07-27
C04400,45,,,USA,=1-828-435-5801,2023-05-03
C01570,40,user name@domain.com,34006,USA,483-900-4668,2023-05-30
C01534,64,user1534@example.com,-20000,Germany,(950) 155-2514,2023-01-10
C00460,55,user1024@example.com,132638,Canada,624 210 6359,2023-08-27
C04335,39,user4335@example.com,37610,UK,529 661 4314,2023-07-16
C02747,23,,153800,Australia,752-217-2888,2023-01-24
C01838,24,user1838@example.com,150243,UK,=1-928-908-4150,2023-03-19
C01421,35,user1421@example.com,143502,UK,377-611-7047,2023-06-03
C03730,38,user3730@example.com,105020,Australia,=1-491-686-7198,2023-06-12
C00810,74,,172159,UK,2855264537,2023-04-09
C04274,41,user4274@example.com,171172,Australia,=1-170-832-7493,2023-10-14
C00979,35,user979@example.com,,Canada,(718) 688-6084,2023-11-19
C03478,-25,user3478@example.com,107527,Australia,(804) 984-5515,2023-04-22
C03833,62,user3833@example.com,106425,USA,730-562-5503,2023-11-08
C01757,40,user1757@example.com,162681,Canada,3408399111,2023-09-30
C04441,65,user4441@example.com,105432,USA,(749) 124-7653,2023-09-19
C02439,71,,49023,Australia,209.176.4983,2023-02-07
,78,user2516@example.com,91360,Canada,609-308-6014,2023-03-08
C03260,38,user3260@example.com,163851,USA,4963167022,2023-12-01
C03461,45,user3461@example.com,141560,France,,2023-04-20
C03801,21,user3801@example.com,56505,USA,904 819 9922,2023-03-12
C00175,54,user175@example.com,94110,Australia,(760) 603-2776,2023-02-28
C02299,,user@domain.,85798,Canada,726-394-8547,2023-04-20
C04087,62,,199331,Australia,5577485214,2023-10-13
C01506,0,missingatsign.com,144816,USA,979.393.7568,2023-06-23
C04476,38,user4476@example.com,30727,USA,175-659-7338,2023-04-15
C00218,59,no-dot@com,194055,UK,(429) 956-4493,2023-08-04
C03939,20,user3939@example.com,90726,USA,245.733.2478,2023-02-10
C03960,39,,137967,UK,986.359.9161,2023-09-23
C00691,300,user691@example.com,40451,UK,(745) 220-4365,2023-07-18
C04538,50,user4538@example.com,,USA,1471184735,2023-03-11
C02479,39,user2479@example.com,-5000,USA,=1-463-832-3500,2023-12-03
C04870,63,user4870@example.com,53664,Canada,(597) 355-4074,2023-03-08
C01107,22,user1107@example.com,116724,UK,2850914417,2023-02-14
C00026,45,user1633@example.com,165693,UK,(772) 480-7094,2023-11-02
C03086,66,user3086@example.com,198112,UK,800-231-1462,2023-13-01
C01554,68,user1554@example.com,130356,USA,9585846518,2023-11-17
C00612,0,user612@example.com,52625,Canada,361 282 4933,2023-01-01
,44,user3263@example.com,,UK,712-401-6812,2023-05-24
C04275,31,user4275@example.com,168928,Canada,585 617 5695,2023-06-25
C00577,69,,152746,UK,359-616-7241,2023-05-28
C02081,26,user2081@example.com,124913,UK,(516) 674-5563,2023-05-02
C04450,63,user4450@example.com,107707,USA,427-213-6525,2023-12-04
C01181,-100,user1181@example.com,,Germany,934.775.3608,2023-06-12
C00889,56,user889@example.com,141718,Brazil,=1-679-443-5909,2023-12-30
C03978,63,user3978@example.com,51576,Australia,,2023-03-14
C04627,74,,51322,Australia,646-761-2998,2023-12-26
C03854,79,user3854@example.com,126090,Canada,(659) 686-2689,
C00818,48,,,USA,6040298842,2023-07-14
C03299,42,user3299@example.com,54918,USA,(354) 575-3510,2023-06-06
C01889,500,user1889@example.com,107986,UK,7663237365,2023-04-26
C00209,,user209@example.com,,Canada,769 119 8720,2023-04-25
C00170,36,user294@example.com,182614,Canada,4267980072,2023-05-29
C01120,23,user1120@example.com,41094,Australia,5241790593,2023-08-30
C00871,43,user2504@example.com,59863,UK,968 767 5926,2023-08-13
C00881,57,user1789@example.com,145700,Canada,(791) 755-3535,2023-01-27
C01265,59,user1265@example.com,0,Canada,7909326720,2023-04-19
C00991,22,user991@example.com,,Canada,3442183999,2023-02-02
C04211,73,user4211@example.com,,UK,533.985.6966,2023-09-11
C01535,57,user1535@example.com,86683,Australia,450 871 5864,2023-09-16
C00354,47,user354@example.com,60099,USA,=1-443-167-7156,2023-05-31
C02174,57,user4621@example.com,143457,UK,(525) 936-2906,2023-05-08
C03385,22,user3385@example.com,50836,UK,(773) 399-5212,2023-06-17
,45,invalid-email,,USA,(873) 515-5962,2023-10-14
C03909,74,user3909@example.com,175417,Australia,(105) 431-6569,2023-12-21
C04547,58,user4547@example.com,105791,Canada,(481) 835-4177,2023-10-12
C01229,32,user1229@example.com,95149,Canada,=1-460-720-9818,2023-05-02
C00260,32,.user@domain.com,0,Australia,528 275 6629,2023-02-12
C01544,73,user1544@example.com,156503,USA,985 424 2861,2023-07-12
C04467,79,user4467@example.com,85311,UK,8103623449,2023-08-30
C04755,21,user4755@example.com,52419,Spain,978.438.1541,2023-08-08
C02897,29,,87786,UK,565 663 5539,2023-03-21
C03103,54,missingatsign.com,171753,Australia,3334248722,2023-03-18
C00053,69,user53@example.com,62441,Canada,=1-350-275-2167,2023-05-11
C02214,57,user name@domain.com,93965,UK,928 731 8478,2023-04-20
C01870,51,user1870@example.com,,USA,156-126-4214,2023-11-20
C02211,73,user@.com,169993,USA,444.763.2641,2023-05-23
C02427,24,user2427@example.com,138369,USA,248.413.6467,2023-02-15
C03045,41,user3999@example.com,107225,Australia,215-491-7597,2023-05-14
C02362,44,user2362@example.com,39837,UK,906.561.5225,2023-03-01
C01480,76,user1480@example.com,105033,Australia,465-869-5626,2023-02-23
C01034,34,user1034@example.com,-50000,USA,885.713.9185,2023-11-25
C01098,50,user1098@example.com,,UK,=1-293-997-7929,2023-11-25
C01470,54,user1470@example.com,91576,Canada,2822019158,2023-01-13
C00544,49,user544@example.com,121649,USA,510-304-6006,2023-05-03
C01047,57,user1047@example.com,-50000,USA,(483) 610-5859,2023-02-03
C04142,43,user4142@example.com,62317,UK,=1-531-818-5637,2023-06-17
C04766,53,user4766@example.com,88408,Australia,(641) 264-8580,2023-03-02
C00031,50,user31@example.com,0,Australia,483-903-1612,2023-11-16
C00726,51,user726@example.com,30869,Australia,3170137829,2023-06-31
C01810,74,user2716@example.com,68737,China,486 184 9035,2023-08-12
C02115,62,user2115@example.com,,Germany,=1-357-583-8583,2023-06-27
C03928,59,user3928@example.com,60461,Canada,739.194.1966,2023-08-04
C01427,49,user1427@example.com,186140,UK,2196045940,2023-10-29
C02570,72,user2570@example.com,103324,UK,579 429 3230,2023-10-11
C00437,-5,user437@example.com,177661,USA,9346088084,2023-11-20
C02488,50,user2488@example.com,78940,Australia,240-998-8203,2023-04-07
C00913,71,user913@example.com,57048,Canada,713.539.5006,2023-03-06
C04236,69,,163085,Australia,(995) 181-3832,2023-04-18
C04178,43,user4178@example.com,45733,France,953 664 3383,2023-01-24
C04527,47,,109888,UK,660-484-3532,2023-03-17
C03352,33,user3352@example.com,35812,Australia,(625) 718-9115,2023-10-23
C02305,39,user2305@example.com,136719,Australia,6970267626,2023-05-16
C01610,24,user1610@example.com,152650,USA,262-634-5169,2023-07-07
C01239,39,user1239@example.com,176480,Canada,185 360 7968,2023-06-07
C00904,75,user904@example.com,170431,UK,=1-351-282-4211,2023-12-26
C02522,26,user2522@example.com,121873,Germany,=1-839-637-3781,2023-10-07
C03166,33,user3166@example.com,90038,Canada,168-293-5174,2023-10-25
C02330,23,user@domain.,130699,Canada,520 293 1475,2023-03-24
C00508,34,,63919,Canada,3365264764,2023-11-14
C04896,47,user4896@example.com,189437,USA,377-575-1340,2023-12-25
C00019,56,user184@example.com,32204,USA,=1-103-627-9039,2023-12-08
C01590,69,user1590@example.com,59432,Australia,685-491-1414,2023-05-29
C01498,64,user1498@example.com,48782,UK,660.988.2428,2023-10-06
C03633,67,user3633@example.com,88655,Australia,,2023-02-01
C00322,77,user322@example.com,,Australia,(343) 219-1674,2023-11-27
C01804,51,no-dot@com,147018,Canada,783.202.9076,2023-06-07
C00079,78,user79@example.com,47508,Canada,3875932424,2023-11-27
C03853,21,user3853@example.com,193004,Australia,,2023-04-21
C02544,75,user2544@example.com,53283,USA,=1-592-595-6634,2023-04-04
C01808,23,user1808@example.com,61422,USA,(128) 390-8488,2023-01-13
C04757,18,user4757@example.com,152762,Canada,815.325.8704,
C04214,56,user4214@example.com,176404,Canada,886.426.4616,2023-08-25
C04452,-50,user4452@example.com,123789,USA,,2023-08-14
C01147,20,,-5000,France,(316) 274-2465,2023-06-25
C02087,29,,77234,Canada,(557) 478-8811,2023-02-26
C00045,,user45@example.com,166865,USA,,2023-11-11
C03820,27,user3820@example.com,187255,Australia,902.659.1264,2023-12-20
C01551,75,user1551@example.com,165370,Australia,(295) 795-1235,2023-07-09
C02320,150,user2320@example.com,156202,Australia,=1-518-460-4567,2023-05-14
C01379,48,user1379@example.com,107485,Canada,324.848.5582,2023-07-23
C01989,-5,user1989@example.com,191636,USA,8084139498,2023-09-30
C03033,67,user3033@example.com,49267,USA,=1-819-600-4793,2023-04-25
C00414,999,,142230,USA,8334756553,2023-06-17
C03887,45,user3887@example.com,,Canada,812-705-9580,2023-06-13
C01408,38,user1408@example.com,180528,UK,=1-403-205-9381,2023-02-12
C03380,31,user3380@example.com,192462,USA,=1-843-436-3903,2023-11-18
C00802,42,user802@example.com,44387,Canada,=1-396-768-3742,2023-03-25
C01289,28,user1289@example.com,61379,Canada,318.102.7449,2023-07-24
C02875,38,user@.com,113053,Canada,,2023-08-04
C02087,42,user2460@example.com,165830,Australia,=1-161-624-7119,2023-05-28
C04123,47,user4123@example.com,116155,Canada,427 584 2535,2023-11-25
C02828,33,user2828@example.com,163881,Australia,199 873 1645,2023-04-01
C00257,59,,-50000,USA,307.443.3084,2023-09-02
C04763,64,user4763@example.com,163177,Australia,310.150.7077,2023-09-12
C04158,74,user4158@example.com,,Australia,122 738 2038,2023-10-17
C01152,78,user@domain..com,-5000,UK,914-808-6452,2023-04-08
C02319,29,,146041,USA,9499295746,2023-04-19
C00648,33,user648@example.com,92260,UK,935-116-4083,2023-04-25
C04261,53,user4261@example.com,102361,USA,4187988846,2023-06-24
C01290,48,user1730@example.com,50435,USA,=1-893-779-8935,2023-01-27
C03726,38,user3726@example.com,41826,Canada,662-923-3412,2023-12-13
C03793,0,user3793@example.com,67122,UK,=1-529-275-9947,2023-06-15
C01316,47,user1316@example.com,,USA,794-949-6605,2023-07-31
C02032,72,,183466,USA,6792638620,2023-10-10
C03517,71,user3517@example.com,57043,UK,=1-271-773-1104,2023-03-02
C04052,67,user4052@example.com,138721,UK,382 881 2474,2023-08-21
C01920,36,user@domain.,182756,UK,775.356.1202,2023-14-01
C00084,60,user1351@example.com,42100,Canada,=1-838-257-1717,2023-10-09
C02518,,invalid-email,157466,Australia,=1-428-129-1423,2023-01-19
C00113,79,user113@example.com,184626,UK,7449876106,2023-02-17
C03155,46,user3155@example.com,,Canada,2379296495,2023-07-27
C00264,49,user@domain..com,103402,USA,521-977-9548,2023-07-16
C01394,-100,user1394@example.com,94093,Canada,841-639-3249,2023-09-14
C01908,56,invalid-email,163248,UK,723-872-6508,2023-05-29
C01187,65,user1187@example.com,128000,Australia,2691239817,2023-03-08
C02370,38,user2370@example.com,99453,Australia,(722) 399-7295,2023-04-28
C00057,68,user57@example.com,53478,USA,155 188 7987,2023-09-26
C01310,28,user1310@example.com,153728,Canada,4067985169,2023-05-27
C00696,68,user696@example.com,162206,UK,(225) 968-4307,2023-07-09
C04217,37,user4217@example.com,48174,Canada,918.514.7246,2023-11-08
C03025,25,,192448,USA,138-609-8085,2023-04-27
C03618,39,user3618@example.com,37837,Canada,987.994.1693,2023-01-09
C02212,57,user2212@example.com,80435,UK,(466) 413-3666,2023-10-13
C03168,34,user3168@example.com,139636,USA,=1-681-530-4263,2023-11-31
C00320,50,user320@example.com,-50000,Australia,(733) 264-9770,2023-11-29
C02304,29,user2304@example.com,101334,UK,(645) 814-3785,2023-12-09
C00683,66,user683@example.com,160970,USA,675-329-8968,2023-02-30
C04045,52,user4045@example.com,,Canada,(357) 591-2743,2023-04-21
C04323,0,user4323@example.com,148454,USA,860.702.7212,2023-13-01
C03670,57,user3670@example.com,66307,Canada,194-361-1597,2023-06-22
C03530,42,,140540,Canada,,2023-12-29
C02874,42,invalid-email,96766,Australia,9538092528,2023-04-21
C00287,0,,169783,Australia,=1-790-472-1844,2023-04-27
C00992,0,user4249@example.com,144151,Canada,=1-432-999-5148,2023-07-07
C02143,67,user2143@example.com,116133,Australia,(673) 502-7181,2023-04-26
C02433,26,user2433@example.com,147626,UK,1868498641,2023-07-02
C01747,35,user1747@example.com,115166,UK,5926890511,2023-09-25
C04506,250,user4506@example.com,143396,UK,3981630061,2023-08-04
C04188,35,user4188@example.com,114664,Australia,702.367.6137,2023-12-05
C01631,71,user1631@example.com,,Canada,(928) 430-8035,2023-09-05
C02101,79,user2101@example.com,105986,UK,=1-668-979-2334,2023-03-02
C00737,130,,115947,Canada,2769753981,2023-03-23
C04159,24,user4292@example.com,36789,Canada,207 380 8363,2023-04-25
C00067,49,user337@example.com,136082,,465 194 6347,2023-05-26
C02403,34,,75203,Canada,682.109.8041,2023-11-12
,25,user4901@example.com,137293,Canada,(906) 798-8343,2023-11-22
C02660,62,user2660@example.com,,Australia,733 548 9145,
C04419,39,user4419@example.com,169294,Australia,(834) 357-5908,2023-09-03
C01072,65,user1072@example.com,111159,Canada,(939) 912-8897,2023-07-09
C02308,71,user2308@example.com,87608,Canada,312-865-9676,2023-09-22
C01700,40,user1700@example.com,31657,Canada,(401) 293-7597,2023-04-17
C04734,62,,180630,Australia,767 498 1463,2023-01-19
,,user3401@example.com,87913,Canada,(634) 934-9762,2023-04-22
C04127,45,user@.com,60562,Canada,(623) 611-5430,2023-02-02
C03950,74,user3950@example.com,172509,Canada,9913615651,2023-04-23
C03536,66,user3536@example.com,49122,USA,135.645.3868,2023-10-22
C01489,-10,user1489@example.com,49738,Canada,740-195-4794,2023-09-21
C00499,49,user499@example.com,122268,Canada,7066376657,2023-06-25
C04359,70,user4359@example.com,170790,Canada,198-654-3370,2023-01-02
C03502,63,user3502@example.com,42126,USA,=1-441-604-4728,2023-09-18
,35,user2576@example.com,-1000,Canada,(500) 905-3612,2023-01-21
C02358,31,user2358@example.com,74439,Canada,(914) 594-4442,2023-01-26
C03689,53,user3689@example.com,122969,UK,=1-315-637-5321,2023-02-01
C04032,-5,user4032@example.com,,UK,536 982 1366,2023-12-30
C03154,30,user3154@example.com,75178,Canada,(803) 802-6922,Jan 1 2023
C01611,-25,user1611@example.com,79420,UK,297-720-1484,2023-03-03
C02174,59,user2174@example.com,65315,Australia,957 783 2007,2023-05-28
C02296,21,user2296@example.com,178929,UK,373.573.6212,2023-11-22
C03308,30,user3308@example.com,124948,,(598) 603-7493,not-a-date
C01023,22,user1023@example.com,189525,Australia,1717462505,2023-05-30
C02300,67,user2300@example.com,105318,Canada,=1-530-750-6386,2023-08-22
C04902,43,user4902@example.com,129083,UK,363 738 3976,2023-11-03
C02017,30,user2017@example.com,150562,Canada,4337385343,2023-09-31
C03085,58,user3085@example.com,0,Australia,(728) 520-2555,2023-09-22
C04993,70,user4993@example.com,,,571-615-2813,2023-12-14
,69,user666@example.com,-5000,UK,814 546 1340,2023-10-01
C03957,59,user3957@example.com,59685,USA,3117856053,2023-07-13
C02657,54,user2657@example.com,176583,UK,207.926.4732,2023-08-10
C04229,32,,106298,USA,5224074302,2023-04-30
C04280,65,user@domain.,106448,Australia,(939) 647-6924,2023-12-22
C02451,47,user2451@example.com,72422,Australia,1093852809,2023-01-11
C01018,23,user1018@example.com,141249,UK,885 306 5091,2023-10-30
C00558,,user558@example.com,177271,Australia,274.680.2922,2023-10-27
C02417,41,user2417@example.com,68196,UK,(298) 897-2781,2023-11-05
C01208,19,user1208@example.com,85571,Canada,810.863.2549,2023-11-24
C03350,24,,-5000,Australia,525.195.8977,2023-06-08
C03695,29,user3695@example.com,59661,Canada,147 317 4829,2023-10-11
C04420,42,,54074,USA,=1-615-299-9964,invalid-date
C01511,44,,189892,UK,=1-759-158-5011,2023-04-24
C03861,74,user3861@example.com,196340,Australia,642.722.7062,2023-01-06
C00246,58,,198925,UK,=1-280-261-1476,2023-05-27
C01164,23,user1164@example.com,42192,Canada,(967) 497-7941,2023-03-16
C02604,41,user@.com,33084,USA,=1-721-957-7157,2023-10-16
C00267,69,,119080,UK,4747781900,2023-12-13
C04690,44,@domain.com,69339,Australia,7903851545,2023-01-17
C01115,77,user1115@example.com,171994,USA,187.486.3042,2023-12-04
C00064,42,user64@example.com,45372,UK,337 329 3354,invalid-date
C02611,37,user2611@example.com,74130,UK,687 984 9564,2023-08-24
C02187,25,user2187@example.com,186153,Canada,998-841-5042,2023-08-14
C02777,61,user2777@example.com,79112,Australia,103 676 1957,2023-05-04
C04368,41,user4368@example.com,84943,Canada,953 955 1743,2023-01-11
C03098,56,user3098@example.com,170416,Australia,(830) 555-2902,2023-12-16
C02046,46,user2046@example.com,73298,Mexico,675-890-6295,2023-02-15
C02835,79,user2835@example.com,67333,Canada,(238) 739-5916,2023-05-04
C02277,41,,195565,Canada,,2023-12-21
C02079,63,user2079@example.com,111006,Canada,370-771-8723,2023-01-01
C03197,49,user3197@example.com,181296,USA,=1-450-429-1339,2023-05-19
C01238,56,user1238@example.com,112569,Canada,765 267 7554,2023-12-07
C00104,31,user104@example.com,188819,UK,993.786.3056,2023-10-07
C03383,78,user3383@example.com,62152,Canada,,2023-11-10
C00273,29,user273@example.com,-1000,UK,607 346 2361,2023-10-20
C00509,57,user509@example.com,103155,USA,4661549914,2023-09-18
C02291,32,user2291@example.com,128234,Australia,381 864 4042,not-a-date
C04949,76,user4949@example.com,37903,UK,850.597.9373,2023-02-23
C04750,0,user4750@example.com,80182,Australia,8569945568,2023-10-18
C00126,36,user866@example.com,110201,Australia,198 732 7735,2023-01-09
C02452,180,user2452@example.com,81413,Canada,991-904-6143,2023-12-15
C00909,-5,user@@domain.com,151948,USA,(478) 928-7100,2023-04-12
C02132,-5,user2132@example.com,118422,USA,(369) 677-2676,2023-11-30
C02878,29,user2878@example.com,189682,Australia,280-302-5313,2023-01-05
C03921,28,user3921@example.com,101356,UK,,2023-08-01
C01628,58,user1628@example.com,191215,Canada,700.519.5808,2023-01-23
C02894,43,user2894@example.com,137392,Canada,844.959.6227,2023-08-14
C01523,43,user1523@example.com,95785,UK,385-565-1627,2023-12-09
C00836,24,user836@example.com,197527,Canada,=1-231-863-2065,2023-01-17
C00359,33,user359@example.com,64681,USA,667.602.1691,2023-12-19
C00139,0,user139@example.com,-20000,Australia,888 492 4898,2023-10-14
C00300,49,user300@example.com,188763,Australia,,2023-09-10
C01557,57,user1557@example.com,159572,USA,280-569-8018,2023-04-27
C01004,42,@domain.com,,Australia,786.866.8606,2023-09-14
C00383,37,user383@example.com,50700,Canada,647-693-6761,2023-02-19
C00942,33,user942@example.com,67548,Canada,(441) 301-6394,2023-02-26
C01943,54,user1943@example.com,100409,Australia,434-721-6902,2023-11-15
C00969,-5,,161742,UK,946-805-9005,2023-11-23
C00762,29,user762@example.com,118835,UK,783 559 3440,2023-01-01
C01733,35,user1733@example.com,188458,Australia,(520) 976-4608,2023-09-03
C01903,78,user1903@example.com,199823,Australia,119 983 7268,2023-06-29
C04931,-1,@domain.com,169608,USA,206-881-2797,2023-06-03
C01319,-10,user2104@example.com,-20000,USA,,2023-11-11
C04498,78,user4498@example.com,65929,USA,493-502-8275,2023-09-27
C00899,150,user899@example.com,,UK,668-217-3333,2023-01-04
C04024,-1,missingatsign.com,100871,USA,=1-475-496-6028,2023-02-10
C02917,22,user2917@example.com,73459,Australia,=1-606-922-4545,2023-09-17
C01403,54,user1403@example.com,83664,Canada,(591) 877-8279,2023-12-30
C02276,77,user2276@example.com,31184,Australia,(844) 248-9084,2023-12-27
C03810,77,user3810@example.com,134843,Canada,790.263.2412,2023-04-28
C04401,0,user4401@example.com,162851,Spain,(930) 761-3307,2023-06-18
C04723,62,user4723@example.com,127927,UK,262 782 1244,2023-07-24
C00951,-1,user1513@example.com,190595,UK,397-484-3592,2023-10-21
C01189,34,user1189@example.com,69350,UK,6600955228,2023-01-05
C04709,40,user4709@example.com,100968,USA,=1-948-837-8758,2023-12-15
C03468,25,user3468@example.com,144934,USA,3844572111,2023-12-08
C03864,47,user4344@example.com,62888,Canada,922.705.8024,2023-03-01
C03459,57,user3459@example.com,156083,USA,2695304195,2023-09-08
C00109,31,user109@example.com,48135,Canada,=1-284-565-9346,2023-02-30
C03656,42,user3656@example.com,177270,USA,846.390.2961,2023-06-28
C02464,-1,user2464@example.com,162447,Canada,9878167585,2023-07-29
C03253,20,user3253@example.com,143783,Australia,985 704 3291,2023-01-02
C00059,38,user59@example.com,101854,USA,=1-464-419-6444,2023-01-11
C00077,24,user77@example.com,,Australia,680 906 6606,2023-01-11
C00797,33,user797@example.com,164678,Spain,966-751-9199,2023-02-22
C00369,79,user369@example.com,79812,USA,743.802.8799,2023-04-08
C01588,26,user4921@example.com,181791,USA,761-784-6564,2023-02-14
C00786,36,user786@example.com,196508,Australia,201 427 3334,2023-01-30
C02223,57,user2223@example.com,149963,India,=1-814-636-4251,2023-05-11
C01155,68,user@domain..com,35586,Australia,872.263.3761,2023-03-24
C02037,49,user2037@example.com,174738,UK,198.324.2841,2023-12-02
C02355,49,user2355@example.com,36470,Canada,(967) 368-2831,2023-04-19
C03556,30,invalid-email,79597,Australia,,2023-07-07
C02268,,user2268@example.com,168869,Australia,475 151 7050,2023-10-18
C01731,72,user1731@example.com,175263,UK,376-802-9508,2023-01-19
C00122,43,user122@example.com,194074,UK,4343748592,2023-01-08
C01873,,user1873@example.com,33121,Canada,153 496 7180,2023-06-25
C04514,63,user4514@example.com,188698,Canada,762-914-3800,2023-02-18
C03667,20,user3667@example.com,81588,UK,(721) 716-9287,2023-06-29
C00911,38,user911@example.com,138117,Canada,247-233-4107,2023-02-16
C00125,77,user125@example.com,,USA,917.401.5738,2023-05-05
C03189,47,user@domain..com,30363,UK,6619939965,2023-05-16
C01587,43,user1587@example.com,116567,Canada,195-126-8166,2023-03-18
C01258,51,user1258@example.com,40692,UK,=1-708-970-7597,2023-06-25
C04004,76,user4004@example.com,0,UK,=1-864-847-4507,2023-07-11
C04109,71,user4109@example.com,194077,UK,970-658-2371,2023-01-27
,43,user3405@example.com,112464,Australia,317 271 4115,2023-04-23
C01179,74,user1179@example.com,138106,UK,4159917292,2023-10-16
C03065,49,user3065@example.com,56870,UK,(124) 116-1509,2023-08-30
C03492,41,user3492@example.com,127493,USA,(120) 435-7876,2023-02-13
C02615,66,user2615@example.com,176259,UK,9357790587,2023-10-26
C03803,65,@domain.com,73169,UK,797 221 8431,2023-04-25
C00443,44,user443@example.com,,UK,610-794-1438,2023-08-01
C01933,29,user1933@example.com,114149,Germany,2362941028,2023-05-27
C03110,76,user3110@example.com,123254,Australia,=1-291-780-4219,2023-12-01
C00926,0,user926@example.com,67405,Canada,(307) 562-4840,
C02438,39,user2438@example.com,174993,,(732) 615-8210,2023-05-10
C03524,,user3524@example.com,69236,USA,2182223836,2023-10-04
C04786,,user4786@example.com,75807,USA,=1-556-232-2002,2023-11-09
C01412,76,user1412@example.com,66639,USA,(800) 493-2841,2023-05-18
C03489,18,user3489@example.com,45339,Australia,358.929.5002,2023-01-03
C01771,73,user1778@example.com,35695,USA,(735) 656-5806,2023-07-02
C01510,60,user1510@example.com,53929,Canada,=1-560-369-1699,2023-02-09
C01228,68,user1228@example.com,87124,Australia,(690) 602-6127,2023-09-17
C03625,30,user3625@example.com,160193,USA,625.689.9689,2023-05-04
C02373,54,,143604,USA,=1-112-365-6966,2023-03-13
C03535,20,user3535@example.com,64235,UK,487 107 3807,2023-12-04
C04959,33,user4959@example.com,50842,Australia,1009152377,2023-08-18
C04522,37,,86096,USA,9473163280,2023-01-01
C00325,33,user325@example.com,180774,USA,=1-824-135-6192,2023-09-18
C03101,53,user3101@example.com,59813,Canada,475 913 8044,2023-03-19
C04469,26,user4469@example.com,118780,USA,454.878.4991,2023-10-06
C02183,41,,145194,USA,,2023-03-25
,19,user3320@example.com,116072,Australia,139-696-2349,2023-12-26
C03056,38,user3056@example.com,104462,Australia,=1-504-635-7435,2023-03-10
C01499,21,user1499@example.com,108257,Canada,196 565 6139,2023-11-24
C01503,-100,user1503@example.com,154591,USA,584.362.8242,2023-01-07
C01007,44,user1007@example.com,46999,USA,(582) 940-5573,2023-03-04
C04011,38,,127382,,908-671-7468,2023-08-29
C03734,21,user3734@example.com,,USA,,2023-12-25
C03816,22,user3816@example.com,132399,USA,684-242-6363,2023-01-30
C01468,50,user1468@example.com,50389,UK,768.757.7637,2023-06-09
C01226,55,user1226@example.com,-10000,Canada,147.631.5807,2023-03-29
C03997,39,user3997@example.com,137648,UK,577 870 3287,2023-12-12
C02285,27,invalid-email,179762,USA,4792135573,2023-06-18
C02022,59,user2022@example.com,109558,Australia,(240) 700-7163,2023-07-05
C01217,64,,117954,Australia,(774) 220-3960,2023-05-17
C04422,34,user4422@example.com,190897,USA,916 745 5881,2023-08-29
C03521,0,user3521@example.com,45366,UK,537-813-6717,2023-12-16
C00421,37,user421@example.com,141435,Canada,4101552989,2023-11-11
C03444,58,user3444@example.com,160560,China,323 846 3075,2023-05-01
C00007,78,.user@domain.com,55235,Australia,=1-524-523-1745,2023-10-19
C00933,71,user933@example.com,,USA,561 578 8086,2023-05-26
C01692,24,user1692@example.com,68084,Australia,571-291-5370,2023-09-08
C00440,68,user440@example.com,-10000,Australia,210 225 5107,2023-09-30
C01314,71,user1314@example.com,174972,Canada,(259) 452-9192,2023-06-06
C00679,41,user679@example.com,168746,USA,467-367-6849,2023-05-31
C01973,24,user1973@example.com,139975,UK,(223) 528-5315,2023-08-29
C04626,76,user4626@example.com,0,UK,,2023-06-01
C04391,55,user4391@example.com,,USA,,2023-04-03
C02484,57,user2484@example.com,59320,UK,991.422.4770,2023-10-06
C03264,77,user4649@example.com,54596,USA,5226606549,2023-01-08
C02635,78,user2635@example.com,56928,Australia,=1-812-177-4254,2023-03-04
C02536,64,user2536@example.com,111788,UK,8126937147,2023-05-23
C02457,49,user2457@example.com,148248,Australia,=1-865-123-3298,2023-10-18
C04808,58,user4808@example.com,177680,Australia,,2023-02-15
C00561,25,user2820@example.com,174401,Germany,738.423.8317,2023-10-12
C02259,55,user4259@example.com,61826,Australia,548 892 7523,2023-08-07
C02797,55,user2797@example.com,56950,Mexico,3276061103,2023-03-22
C02659,55,user2659@example.com,78665,UK,688.956.1871,2023-11-06
C00195,56,user195@example.com,128934,Canada,812.499.2749,2023-04-31
C01475,21,user1475@example.com,35698,UK,=1-111-874-6064,2023-08-11
C04468,58,user4468@example.com,95867,Australia,=1-731-278-9936,2023-07-06
C01212,76,user1212@example.com,143931,UK,,2023-09-31
C04698,70,user4698@example.com,187541,Canada,975-763-2879,2023-11-25
C01658,35,user1658@example.com,143002,USA,813.565.9082,2023-10-09
C02719,64,user2719@example.com,149501,Canada,609.905.5705,2023-07-09
C03040,42,user3040@example.com,180457,Canada,278 694 7582,2023-03-20
C03836,36,user@@domain.com,141915,Canada,725 644 9068,2023-10-07
C02237,44,user2237@example.com,66483,Canada,,2023-01-08
C01875,39,user1875@example.com,58164,India,1591719508,2023-07-15
C02199,19,user4083@example.com,116322,UK,8108614089,2023-10-13
C01131,74,,60257,UK,716-225-9693,2023-04-19
C01462,56,user1462@example.com,31961,Australia,=1-613-413-4724,2023-01-04
C00277,20,user277@example.com,,USA,,2023-06-02
C02587,45,user2587@example.com,188849,UK,(172) 872-6593,2023-08-14
C02349,32,,41279,USA,5396844455,2023-11-03
C02314,35,user2314@example.com,126452,Australia,=1-861-602-4845,2023-02-10
C01303,53,,53569,Australia,,2023-08-04
C02535,,user2535@example.com,120456,Germany,(331) 356-4024,2023-02-11
C00054,23,missingatsign.com,110360,UK,=1-141-236-2637,2023-05-28
C04656,44,,76228,UK,(881) 507-9668,2023-11-05
,26,user@domain.,31893,USA,689.890.5542,2023-10-14
C00574,23,user574@example.com,-1000,Australia,197-670-1962,2023-12-18
C01237,34,user1237@example.com,,USA,663-361-5270,2023-02-28
C03567,-5,user3567@example.com,126055,USA,,2023-02-12
C04384,43,user4384@example.com,189633,Australia,239-529-2187,Jan 1 2023
C01335,36,user1335@example.com,147473,UK,(427) 148-3977,2023-04-26
C02945,-5,user2945@example.com,120678,USA,354.909.7160,2023-10-02
C00419,38,user419@example.com,183390,Australia,226.577.2807,2023-10-02
C00025,66,user268@example.com,-5000,Australia,(435) 544-4643,2023-03-19
C01105,68,user1105@example.com,113178,Australia,171-892-7845,2023-08-22
C00258,61,user@@domain.com,58328,USA,808-682-1977,2023-02-17
C00296,19,user296@example.com,131971,UK,7111434048,2023-11-10
C02379,22,user2379@example.com,80971,Mexico,784-166-6609,2023-08-30
C00387,50,user387@example.com,192627,USA,(258) 615-4622,2023-09-05
C00741,18,user3480@example.com,192171,Canada,325 548 3187,2023-02-10
C03520,27,user3520@example.com,63132,UK,=1-334-689-5549,2023-07-02
C01786,23,no-dot@com,33880,UK,882.102.7162,2023-06-22
C02265,19,user2265@example.com,97616,Canada,(627) 932-8454,2023-07-16
C04350,-50,no-dot@com,113996,Canada,969 746 9552,2023-03-25
C03538,79,user3538@example.com,93879,USA,882-261-4469,2023-01-05
C01868,500,user1868@example.com,87062,USA,,2023-04-11
C04399,45,user4399@example.com,92119,UK,=1-687-904-6116,2023-06-23
C01564,54,,185072,Canada,748-554-9247,2023-03-01
C01922,61,user1922@example.com,182961,Canada,967.283.8271,2023-01-07
C01401,28,user@domain.,77574,Germany,8809347296,2023-01-18
C00713,0,user713@example.com,97087,Australia,8484828793,2023-05-20
C02367,73,,127624,USA,8017523794,2023-06-19
C02548,58,user@@domain.com,191096,USA,9263025879,2023-05-08
,30,user210@example.com,136956,Australia,=1-146-348-3138,2023-06-21
C03968,45,invalid-email,182053,Spain,(693) 671-9502,2023-04-30
C01290,79,,94729,UK,(412) 758-9446,2023-03-15
C02012,-25,user2012@example.com,87823,Australia,3872111537,2023-07-27
C00450,180,user450@example.com,40014,UK,=1-659-118-1517,2023-03-17
C04151,69,user4151@example.com,197856,Australia,=1-659-228-1005,2023-08-18
C02588,27,user2588@example.com,193639,China,141.490.5185,Jan 1 2023
C01821,29,,,UK,720 774 3955,2023-01-28
C00959,45,user959@example.com,160526,Canada,330.529.7974,2023-12-25
C01794,26,user1794@example.com,186078,Australia,(309) 206-8761,2023-12-06
C03081,59,user@domain..com,41049,Australia,351-841-2540,2023-14-01
C00655,150,user655@example.com,,Australia,,2023-03-07
C03660,59,user3660@example.com,,Australia,(159) 178-6099,2023-10-10
C04131,76,,-20000,Australia,=1-786-968-8817,2023-07-13
C02026,72,missingatsign.com,36638,Australia,(303) 750-2453,2023-07-26
C01761,22,user1761@example.com,191081,UK,584-463-5075,2023-09-12
C03647,20,user3647@example.com,72863,Australia,876 435 7378,2023-00-15
C03802,37,,66713,USA,8029358897,2023-08-02
C02663,0,user2663@example.com,149682,UK,588.988.3422,2023-02-29
C00412,78,user412@example.com,33832,Australia,(832) 296-5617,2023-08-03
C01775,34,user1775@example.com,188598,Australia,=1-127-885-7896,2023-01-10
C04499,70,user4499@example.com,91892,UK,(913) 239-1106,2023-04-30
C03881,47,user3881@example.com,162965,USA,,2023-12-08
C03525,45,user3525@example.com,34150,UK,(942) 260-4837,2023-04-30
C02645,43,,194870,Spain,4485474748,2023-06-08
C04326,21,user@,95614,UK,784 499 7915,2023-09-30
C04790,44,user4790@example.com,134292,Australia,297.393.7763,2023-11-10
C03754,,user3754@example.com,120925,USA,2582098699,2023-08-29
C04673,66,user4673@example.com,57472,UK,135.580.7506,2023-06-07
C02837,19,user2837@example.com,46576,USA,8018933340,2023-03-08
C03581,39,user3581@example.com,88560,UK,=1-736-907-1695,2023-03-11
C04813,,,51630,Australia,978-354-4193,2023-11-20
C03389,79,user3389@example.com,0,Australia,=1-808-661-2123,2023-07-26
C04828,50,user4828@example.com,155014,Canada,=1-912-910-7006,2023-01-12
C03593,52,user3593@example.com,133920,Canada,,2023-05-17
C00431,68,user431@example.com,196589,USA,5199848083,2023-10-16
C02944,42,,106396,Canada,(636) 918-9259,2023-12-25
C03255,24,user@@domain.com,-50000,Canada,350 245 1268,2023-01-06
C01367,18,,30336,Australia,410.972.4609,2023-08-23
C02023,61,,111422,Canada,(789) 300-5346,2023-04-05
C04431,0,user4431@example.com,129244,Canada,209.143.9083,2023-09-07
C01177,,,180245,Spain,929-441-3501,2023-04-19
C03354,50,user3354@example.com,84633,USA,139 889 1151,2023-05-29
C01477,19,user1477@example.com,123079,UK,(375) 187-1735,invalid-date
C03174,33,user3174@example.com,66132,Australia,661-648-5397,2023-01-07
C02064,66,,165150,UK,(666) 850-5074,2023-03-12
C00103,130,user103@example.com,64773,UK,960.527.3527,2023-09-09
,51,user2119@example.com,106441,Canada,(581) 168-1091,2023-07-20
C02030,-1,invalid-email,,USA,528-804-5310,2023-10-03
C01264,36,user1264@example.com,184978,Australia,4339458019,2023-03-16
C03923,41,user3923@example.com,33052,UK,=1-323-924-3832,2023-08-21
C03160,33,user3160@example.com,195637,UK,(763) 929-9142,2023-04-03
C02389,52,user2389@example.com,,Canada,=1-635-353-5009,2023-06-08
C03083,78,user3083@example.com,191771,UK,(718) 580-1562,2023-03-29
C02759,70,missingatsign.com,,UK,856 246 8242,2023-12-02
C03321,77,user3321@example.com,126367,USA,729-100-4149,2023-10-31
C03193,39,user3193@example.com,31936,UK,253 856 7299,2023-07-24
C04519,40,user4519@example.com,37526,Australia,316 648 7085,2023-07-02
C01644,76,user1644@example.com,,Canada,(150) 921-9092,2023-06-01
C04520,66,,133863,USA,663.663.2336,2023-13-01
C00001,0,user1@example.com,,UK,(729) 676-9132,2023-10-28
C01581,70,user1581@example.com,118020,Canada,6041077282,2023-03-12
C04437,52,no-dot@com,178115,Australia,(436) 924-5832,2023-09-31
C04130,48,,113049,Australia,8525455135,2023-02-12
C01357,250,user1357@example.com,181014,Canada,(713) 380-3112,2023-12-13
C00007,49,user3413@example.com,134824,USA,982.574.2396,2023-01-31
C02100,28,user2100@example.com,,Australia,572.825.8913,2023-09-16
C02252,60,user@domain..com,,Canada,802.850.2661,2023-12-20
C03510,130,user@domain..com,45504,India,199.137.5201,2023-04-10
C03713,75,user3713@example.com,108137,India,(401) 899-3314,2023-09-21
C00397,79,user397@example.com,92433,Canada,6268097086,2023-09-26
C03483,25,user3483@example.com,90782,USA,5011397503,2023-12-09
C01065,61,user1065@example.com,120012,USA,,2023-12-17
C02378,74,user2378@example.com,95066,USA,279 595 7223,2023-08-12
C02171,42,user2171@example.com,,Australia,973.298.1273,2023-08-02
,75,user819@example.com,86358,UK,=1-813-820-9011,2023-08-05
C01813,58,user@,177596,Australia,262-466-9202,2023-03-23
C02571,70,user2571@example.com,45689,Australia,9324262230,2023-01-01
C01553,71,user1553@example.com,116207,USA,414.614.3043,2023-09-11
C04502,78,user4502@example.com,170287,USA,431 977 4048,2023-02-30
C00817,31,user817@example.com,89500,Australia,=1-587-104-1156,2023-12-09
C01573,71,user1573@example.com,167150,Canada,,2023-06-24
C03927,38,user3927@example.com,176692,UK,9620361356,2023-04-22
C01801,75,user1801@example.com,69553,UK,(245) 938-4943,2023-09-15
C04302,0,user4302@example.com,64550,UK,=1-315-276-9471,2023-12-10
C00382,20,user382@example.com,-50000,Canada,801.814.6939,2023-12-04
C02895,28,.user@domain.com,85514,Australia,466 860 8871,2023-08-11
C04692,68,,133376,Australia,,2023-04-17
C02312,73,user2312@example.com,102095,UK,=1-460-678-8070,2023-04-03
C03526,34,user3526@example.com,141369,Australia,9784084995,2023-09-13
C02329,50,user2329@example.com,76418,Australia,694 768 7850,2023-04-01
C01781,40,user1781@example.com,75865,Mexico,926 881 9487,2023-12-08
C03168,68,,189472,Canada,516-359-7485,2023-04-14
C04917,57,user4917@example.com,104123,Australia,2754947472,2023-02-25
C03380,31,user3380@example.com,192462,USA,=1-843-436-3903,2023-11-18
C00865,48,user865@example.com,130546,USA,=1-153-401-7249,2023-03-08
C03041,35,user3041@example.com,108518,UK,578.455.5791,2023-12-22
C03186,61,user@,,UK,326 347 8528,2023-03-18
C00555,-10,user555@example.com,76289,Australia,4658585732,2023-01-02
C01160,59,user1160@example.com,159744,USA,5045892188,2023-02-25
C01214,68,,65903,Canada,669 937 9788,2023-03-29
C02222,33,user2222@example.com,78785,USA,(624) 270-5924,2023-01-23
C03623,45,user3623@example.com,-5000,Australia,5658351000,2023-05-28
C00049,150,,121218,UK,737-673-9422,2023-09-04
C02385,55,user2385@example.com,179682,USA,5436016319,2023-09-31
C00701,18,user701@example.com,133998,UK,744.780.5021,2023-04-15
C00653,56,user653@example.com,155844,Australia,,2023-07-01
C04129,75,user4129@example.com,104233,Australia,=1-616-254-8591,2023-05-08
C03090,77,user3090@example.com,124774,USA,699.220.9466,2023-02-08
C03551,29,user@domain..com,,UK,7353638232,2023-10-07
C00749,66,user749@example.com,100843,Canada,=1-478-221-7694,2023-01-18
C01456,32,user1456@example.com,129555,Australia,900 760 1216,2023-08-25
C04253,40,@domain.com,-50000,Canada,767.578.6546,2023-02-05
C04845,68,user4845@example.com,149815,USA,(384) 757-7065,2023-11-13
C03809,31,user3809@example.com,44799,Canada,(329) 744-6722,2023-06-06
C00867,300,user867@example.com,38640,Canada,(985) 713-1173,2023-13-01
C00753,35,user753@example.com,35668,Canada,597.128.3340,2023-12-13
C01645,73,user@@domain.com,188114,Canada,147 381 7901,2023-01-19
C00093,59,user93@example.com,57364,Australia,=1-108-726-9362,2023-01-22
C02844,65,user2844@example.com,134186,Canada,764-344-6023,2023-12-20
C03987,65,user3987@example.com,57867,USA,1103207870,2023-06-22
C04202,52,user4202@example.com,102255,Canada,597 107 1805,2023-11-11
C02648,0,user2648@example.com,148680,UK,524 669 4149,2023-02-06
C01491,69,user1491@example.com,143776,Australia,6761334796,2023-07-04
C02916,29,user2916@example.com,39196,Australia,=1-396-244-4852,2023-09-09
C02195,77,user2195@example.com,190073,Canada,601-463-6957,2023-04-22
C00730,21,user730@example.com,140317,Australia,,2023-08-31
C03592,38,user3592@example.com,199330,China,417.941.3789,2023-12-20
C02489,19,user2489@example.com,109436,UK,954-484-1416,2023-04-28
C02260,31,user2260@example.com,185666,Germany,=1-481-899-8758,2023-08-10
C01937,36,user1937@example.com,175281,Australia,=1-835-145-4845,2023-01-15
C01746,77,user1746@example.com,177580,Australia,212.108.9174,2023-11-31
C03001,-999,multiple@issues@invalid,-1,InvalidCountry,,invalid-date
C03300,32,user3300@example.com,144826,Australia,814-655-9287,2023-09-13
C03514,22,user@domain..com,169677,UK,=1-221-195-5101,2023-12-30
C01958,64,user1958@example.com,-10000,UK,=1-551-424-5410,2023-01-08
C01111,73,user1111@example.com,105324,UK,(305) 160-3993,2023-06-23
C03871,48,user3871@example.com,185199,UK,303-634-6465,2023-02-17
C00418,28,user4057@example.com,130400,UK,,2023-12-09
C04486,36,user4486@example.com,,USA,605-317-7217,2023-10-19
,52,,0,USA,3331746291,2023-02-25
C00347,28,user347@example.com,,Australia,453.459.6047,2023-06-25
C01186,60,user1186@example.com,166093,USA,4964528773,2023-10-15
C04031,,user4031@example.com,69451,Australia,836 838 2398,2023-09-28
C01516,27,user@domain..com,-1000,Australia,5696560131,2023-01-17
C04685,43,user4685@example.com,0,Canada,=1-980-364-7595,2023-09-14
C00579,64,user579@example.com,107789,Canada,(672) 142-3938,2023-04-06
C01965,43,no-dot@com,51067,UK,470-769-8932,2023-05-09
C00076,77,user76@example.com,96852,Canada,448-313-8063,2023-11-26
C01430,55,user1430@example.com,100453,USA,592 810 7782,2023-06-26
C03615,61,,173788,Canada,184.573.1668,2023-07-05
C04445,66,user4445@example.com,144176,USA,9945098335,2023-10-08
C02771,48,user2771@example.com,92287,UK,=1-264-246-9964,2023-10-16
C03855,48,,,USA,1268211135,2023-12-05
C01847,63,user1847@example.com,0,Canada,,2023-09-30
C00132,0,user132@example.com,66609,USA,235.730.5603,2023-06-06
C00179,18,,57606,Canada,174-172-5105,2023-11-15
C04149,46,user4149@example.com,99468,,693.878.4983,2023-05-15
C04481,,user4481@example.com,160431,Canada,694.815.7143,2023-11-20
C03641,30,user3897@example.com,135514,Australia,(241) 604-6535,2023-02-03
C03361,56,user3361@example.com,172690,UK,888 848 1645,2023-09-19
C01843,38,user1843@example.com,52692,UK,289.798.9653,2023-03-25
C02116,63,user2116@example.com,100411,UK,(438) 864-3217,2023-04-01
C02752,50,.user@domain.com,,Canada,,2023-10-10
C02950,38,user2950@example.com,136300,,740 491 3571,2023-03-19
C00605,70,user605@example.com,158467,UK,950 824 8861,2023-10-11
C04168,-10,user4168@example.com,94824,Canada,248 368 3040,2023-02-03
C00026,47,user26@example.com,37016,India,8979273911,2023-08-01
C00659,,user659@example.com,85276,USA,9585752886,2023-11-24
C01897,26,.user@domain.com,52337,Canada,340-815-8213,2023-09-28
C00962,26,user3339@example.com,43569,USA,804.427.4919,2023-06-19
C02202,67,user2202@example.com,75875,USA,(450) 816-9253,2023-10-27
C00009,52,user174@example.com,82870,Australia,305 724 7432,2023-03-31
C01612,23,user1612@example.com,105504,UK,=1-123-630-9384,2023-08-27
C00438,55,.user@domain.com,160429,Germany,587.782.7626,2023-01-22
C00332,36,,58482,Canada,396 872 3409,2023-10-17
C03122,44,user3122@example.com,137051,USA,(497) 666-9870,2023-02-01
C01455,,user name@domain.com,65944,UK,521 839 6526,2023-10-02
C00343,56,user343@example.com,160064,USA,717.719.9381,2023-03-24
C03817,74,,44549,USA,=1-507-567-1646,2023-03-20
C04386,46,user4386@example.com,139349,Canada,,2023-01-01
C01089,150,user1089@example.com,91114,Canada,534 853 5043,2023-11-09
C00480,50,user480@example.com,43689,Australia,306 608 2234,2023-09-25
C00728,58,user728@example.com,,Canada,7474660539,2023-05-17
C03808,64,user3808@example.com,73539,Australia,=1-247-186-3800,2023-10-10
C00977,78,user977@example.com,-10000,USA,986 311 3128,2023-04-10
C04330,25,user4330@example.com,174434,Australia,101.927.8323,2023-12-07
C02998,71,user2998@example.com,128970,UK,3895694146,2023-11-31
C01929,74,user1929@example.com,134940,Canada,989.606.3084,2023-03-17
C01469,78,user1469@example.com,-10000,Australia,268 155 7086,2023-03-03
C01225,75,,0,Australia,1000367517,2023-09-13
C02179,22,user2179@example.com,143880,UK,277 750 1052,2023-05-16
C01764,76,user1953@example.com,178725,UK,880 764 2285,2023-08-13
C04846,64,user4846@example.com,170070,Australia,(157) 180-3835,2023-12-26
C03258,26,user3258@example.com,78570,UK,309.574.3136,2023-12-31
C01893,26,user1893@example.com,76418,Spain,7383213464,2023-12-03
C01300,48,user1300@example.com,92790,Australia,504 483 5903,2023-06-21
C03011,71,user3011@example.com,-1000,USA,100.410.8291,2023-02-24
C04615,20,user4615@example.com,158921,USA,,2023-10-10
C00661,27,user661@example.com,90272,UK,=1-705-842-8993,2023-02-30
C04938,25,user4938@example.com,121228,USA,(951) 421-9532,2023-06-14
C03341,36,user3341@example.com,75337,UK,225 759 5956,2023-08-25
C02804,72,user2804@example.com,53834,USA,=1-522-152-4267,2023-04-03
C03774,70,user3774@example.com,154010,UK,324-868-7912,2023-08-25
C02513,66,user2513@example.com,155629,Australia,276 278 9496,2023-09-28
C03072,-10,,161225,Australia,538.734.8838,2023-02-12
C02722,54,user2722@example.com,134718,USA,414-701-9893,2023-09-15
C04397,72,,74460,Canada,1063161101,2023-03-17
C03679,63,user3679@example.com,174252,USA,=1-308-469-7399,2023-07-10
C01279,50,user1279@example.com,75991,Australia,731-294-1119,2023-12-11
C03092,36,user3092@example.com,135315,Australia,(140) 397-6429,2023-05-22
C01622,0,user@.com,185438,Australia,(913) 310-8992,2023-10-06
C03035,36,user3035@example.com,191040,UK,190.712.7017,2023-11-07
C02851,28,user2851@example.com,122691,USA,497 136 5428,2023-12-01
C00068,75,user68@example.com,123635,USA,586-215-6758,2023-09-06
C02599,47,user2599@example.com,55363,Australia,185.113.2656,2023-05-31
C03980,51,user3980@example.com,171822,USA,(117) 384-5949,2023-04-28
C03815,33,,180145,Australia,=1-766-888-3854,2023-01-09
C00821,52,user821@example.com,193926,Australia,,2023-13-01
C01227,52,user1227@example.com,180611,Australia,7588919626,2023-08-06
C03012,38,,97657,Canada,846 681 3613,2023-01-19
C02165,20,user2165@example.com,78291,Australia,,2023-10-24
C04258,63,user4258@example.com,79853,UK,5223195646,2023-11-10
,66,user4472@example.com,,Australia,134-160-7677,2023-08-17
C04284,68,user4284@example.com,171041,Australia,8170525675,2023-05-01
C03371,,user3371@example.com,69148,Australia,,2023-07-16
,42,user name@domain.com,146136,Canada,952.789.9990,2023-06-30
C00398,52,user@domain.,49991,UK,,2023-02-28
C03411,,user3411@example.com,118370,UK,780-481-6549,2023-01-16
C04316,42,user4316@example.com,125335,USA,=1-622-873-1776,2023-01-01
C02779,37,user2779@example.com,119156,India,(880) 743-1576,2023-07-20
C01399,46,user@domain.,61923,USA,246.742.1221,2023-07-28
C01660,31,user1660@example.com,130706,UK,329-148-1170,2023-02-14
C00980,68,user980@example.com,41577,Canada,=1-307-614-8519,2023-05-17
C01299,68,user1299@example.com,,Canada,2074320602,2023-08-27
C02281,23,user2281@example.com,35606,USA,250-723-2656,2023-11-28
C00083,31,user83@example.com,186671,UK,(415) 515-2140,2023-08-09
C04778,36,user4778@example.com,,UK,(688) 376-7716,2023-06-15
C02808,27,user2808@example.com,155211,India,681 783 3823,2023-09-09
C04862,25,user4862@example.com,164304,Australia,=1-993-551-3524,2023-12-26
C03806,32,user@domain..com,129397,Canada,(980) 911-1253,2023-10-26
C02306,34,user2306@example.com,153099,Spain,,2023-06-31
,24,user424@example.com,75475,UK,2906775938,2023-06-21
C01594,37,user4354@example.com,80468,Canada,(174) 902-8552,2023-05-28
C01905,500,,,Canada,(488) 288-8062,2023-10-28
C03035,27,user4553@example.com,-50000,USA,567 570 6830,2023-09-01
C04610,77,,59086,USA,=1-440-958-6019,2023-11-26
C03124,38,user3124@example.com,50045,UK,=1-248-981-2114,2023-12-13
C01566,43,user1566@example.com,-10000,UK,316 328 8448,2023-05-13
C04044,180,user4044@example.com,183412,Canada,391.535.3825,2023-01-07
C00840,59,user840@example.com,94925,Australia,7934038104,2023-06-29
C00501,-999,multiple@issues@invalid,-1,InvalidCountry,,invalid-date
C00142,68,user142@example.com,45193,UK,757-370-2900,2023-07-25
C01378,0,user1378@example.com,135750,Australia,4504358997,2023-03-27
C03722,52,user3722@example.com,-50000,Australia,4251342697,2023-12-29
C02749,70,user2749@example.com,113981,USA,(649) 435-3742,2023-01-31
C01139,25,user1139@example.com,60908,UK,538.587.2645,2023-07-20
C04279,39,user4279@example.com,60988,USA,537.154.9711,2023-10-20
C01788,26,user1788@example.com,80705,Canada,3127317293,2023-11-07
C02585,76,user2585@example.com,54648,Australia,(776) 548-5895,2023-06-17
C00551,78,user551@example.com,54335,UK,286.502.7182,2023-08-15
C04072,64,user4072@example.com,0,USA,=1-512-260-8200,2023-01-29
C02020,-10,,108533,Australia,294.961.1583,2023-06-09
C00742,0,user949@example.com,109698,Australia,769 624 3445,2023-04-10
C02278,62,user2278@example.com,,UK,3651030484,2023-05-28
C00533,25,,174866,UK,408.192.4857,2023-01-20
C00150,23,user1830@example.com,145657,Australia,165 163 5103,2023-02-18
C02938,72,user2938@example.com,112987,Australia,944.735.8906,2023-11-26
C04433,74,user4433@example.com,125251,Canada,9708288160,2023-12-08
C03896,42,user3896@example.com,91720,USA,=1-552-386-5893,2023-12-30
C01603,-1,user1603@example.com,-10000,UK,602-914-1359,2023-12-15
C00640,64,user640@example.com,84330,Canada,(289) 180-5248,2023-02-16
C04848,500,user4848@example.com,131026,Australia,274 340 1475,2023-09-16
C00968,70,missingatsign.com,44683,Australia,275-206-3910,2023-02-04
C04252,44,user4252@example.com,182324,Australia,412.768.7019,2023-01-15
C02644,52,user@.com,189422,UK,,2023-09-30
C01684,51,@domain.com,196258,Australia,3166860023,not-a-date
C04485,63,user4485@example.com,184591,USA,(748) 456-1181,2023-08-10
C02903,26,user2903@example.com,32895,Australia,125 994 3284,2023-04-15
C00156,26,invalid-email,154577,USA,=1-445-793-3947,2023-11-26
C04568,46,user4568@example.com,171774,Australia,571 871 1664,2023-12-21
C02859,36,user2859@example.com,0,,348-176-3901,2023-02-15
C01090,47,,,USA,(589) 135-6921,2023-11-28
C02674,23,user2674@example.com,165994,USA,=1-165-642-7778,2023-05-03
C04255,44,user4255@example.com,-10000,Canada,243-298-3525,2023-03-23
C00289,40,user289@example.com,169271,Canada,=1-141-474-7003,2023-06-06
C00931,70,missingatsign.com,0,Canada,335.697.1674,2023-09-15
C03600,29,,103606,Australia,921.148.3005,2023-01-01
C02578,35,,68498,USA,=1-298-354-6741,2023-12-10
C03393,55,user3393@example.com,189031,USA,224.612.9758,2023-10-16
C02615,66,user2615@example.com,176259,UK,9357790587,2023-10-26
C03313,46,user@@domain.com,117759,UK,184-184-1139,invalid-date
C00943,25,user943@example.com,198017,Australia,409.863.5496,2023-09-10
C03884,24,user3884@example.com,89412,Canada,888.911.2427,2023-08-15
C04678,73,user4678@example.com,32765,USA,139 201 1231,2023-11-12
C01699,41,user1699@example.com,87221,Canada,764-491-7923,2023-06-26
C00386,71,user4788@example.com,183373,India,879 144 8846,2023-02-17
C04814,68,user4814@example.com,0,Australia,568.399.4000,2023-02-24
C04063,77,user4063@example.com,43288,USA,304.920.7563,2023-01-13
C02953,-100,user name@domain.com,133247,UK,(823) 721-8427,2023-01-01
C00986,73,user986@example.com,130922,UK,761.567.6681,2023-07-18
C03022,74,user3022@example.com,140957,USA,123.819.8859,2023-05-14
C04740,20,user4740@example.com,127469,USA,416.292.1505,2023-01-26
C03903,150,user@@domain.com,124699,USA,931-809-8014,2023-03-22
C04793,28,user4793@example.com,68346,France,409-384-8091,2023-04-30
C00982,64,user982@example.com,50176,Australia,165 944 7541,2023-03-24
C02510,59,user2510@example.com,69255,USA,162-710-4437,2023-04-20
C02448,25,user2448@example.com,38876,USA,5612746621,2023-11-26
C03182,22,,136311,UK,(275) 925-7279,2023-05-30
C02963,46,user2963@example.com,137041,Australia,=1-157-840-3160,2023-01-14
C03785,50,user3785@example.com,87836,Canada,342-562-4356,2023-02-15
C00272,74,user@.com,113848,USA,713 595 3700,2023-12-16
C01458,46,,-20000,Canada,9727885096,2023-10-13
C01396,57,user1396@example.com,-1000,UK,486-493-1339,Jan 1 2023
C00265,,user265@example.com,45449,Australia,982 321 8757,2023-02-24
C02414,46,user2414@example.com,,Canada,(167) 878-8078,2023-01-15
C00930,18,user930@example.com,71153,USA,402-555-9500,2023-07-28
C03117,77,user3117@example.com,189484,UK,215-637-5356,2023-07-15
C02711,18,user2711@example.com,59086,USA,=1-676-688-9715,2023-06-31
C00247,20,user247@example.com,68405,USA,627 218 2160,2023-09-14
C03614,200,user3614@example.com,54099,Canada,319 206 6072,2023-03-13
C01759,29,user1759@example.com,121128,Australia,6139905102,2023-11-10
C04881,20,user4881@example.com,,Canada,2524540068,2023-05-13
C02830,70,,72818,Australia,274 885 1326,2023-12-05
C00924,64,user924@example.com,99300,Australia,374 695 7569,2023-12-26
C04289,45,user4289@example.com,115657,Canada,,2023-03-22
C00269,-100,user269@example.com,117178,UK,=1-252-687-1083,2023-07-19
C00670,36,user670@example.com,185423,Canada,=1-973-962-8675,2023-06-11
C02755,31,user2755@example.com,177032,Australia,590 211 2825,2023-11-14
C01911,67,user1911@example.com,187699,UK,901 846 1935,2023-03-29
C03812,56,user3812@example.com,,UK,895-443-9832,2023-11-18
C01153,,.user@domain.com,,UK,(689) 884-2059,2023-11-28
C04833,44,user4833@example.com,76389,Australia,(738) 912-4830,2023-11-10
C04119,180,user4119@example.com,31537,UK,=1-855-338-8214,2023-01-01
C03532,51,user4256@example.com,86022,Canada,9524331050,2023-05-05
C03902,53,user3902@example.com,157101,Canada,=1-231-411-2944,2023-01-12
C02437,77,user2437@example.com,35730,USA,671.673.4267,2023-03-06
C03003,73,,122172,UK,(949) 285-6471,2023-04-21
C01916,47,user1916@example.com,119312,USA,387-918-5495,2023-01-04
C00613,,user613@example.com,,UK,191 121 4411,2023-06-15
C02424,42,user2424@example.com,86759,Canada,628.585.7830,2023-01-03
C03553,57,user3553@example.com,171458,Australia,=1-284-651-4797,2023-09-12
C01899,57,user1899@example.com,162233,UK,121-610-1553,2023-11-13
C01650,,user1650@example.com,70863,Canada,391 234 7599,2023-08-27
C04039,20,user4039@example.com,66833,USA,=1-471-515-9132,2023-03-12
C00259,41,user259@example.com,142911,Canada,239.213.8627,2023-10-28
C00848,54,user848@example.com,73939,Canada,105.501.4188,2023-01-10
C04266,36,,136080,UK,721-902-7341,2023-10-27
C01234,27,user1234@example.com,144879,Australia,(716) 665-4539,2023-07-22
C01128,28,user1128@example.com,140130,Australia,=1-158-464-6410,2023-12-23
C01968,-1,user1968@example.com,183263,Australia,=1-350-895-7678,2023-10-13
C00559,23,user559@example.com,102827,Australia,835-638-8129,2023-12-09
C03930,61,user3930@example.com,,UK,,2023-10-05
C00485,40,user485@example.com,43050,Australia,379.168.9700,2023-07-19
,74,user1321@example.com,156083,Australia,(355) 387-2884,
C02371,64,user2371@example.com,132166,USA,752.333.1458,2023-02-19
C00008,38,,30159,USA,458.673.4478,2023-03-11
C03989,19,user@domain..com,137561,USA,3196364598,2023-07-20
C03211,62,user3211@example.com,100268,UK,361 456 4744,2023-13-01
C01451,24,user1451@example.com,74757,USA,350-178-1204,2023-03-27
C04005,27,user4005@example.com,194404,Australia,400-685-4153,2023-07-18
C01815,51,user1815@example.com,58202,USA,,2023-10-28
C00774,37,user name@domain.com,136616,UK,(949) 822-8278,2023-10-24
C01012,58,user1012@example.com,140986,UK,2173609562,2023-04-06
C02513,67,user2838@example.com,149875,USA,828.911.2361,2023-11-25
C02466,28,user2466@example.com,52092,Canada,=1-262-917-9413,2023-04-07
C01992,34,user1992@example.com,182225,UK,337-404-9082,2023-12-02
C00512,74,,84219,UK,5830513583,2023-08-16
C01784,67,,90410,Australia,,2023-09-08
C03127,25,user3127@example.com,73617,Canada,6422260735,2023-01-05
C00447,-100,user447@example.com,-20000,UK,911 577 4308,2023-07-01
C00881,45,user881@example.com,,Canada,(580) 416-6618,2023-02-05
C04474,,no-dot@com,0,Australia,5377523369,2023-01-19
C00782,53,user782@example.com,143499,Canada,257-414-7672,2023-09-14
C01750,64,,76335,USA,598.395.2058,2023-06-29
C03410,35,user3410@example.com,120879,Australia,(103) 684-6823,2023-03-13
C04897,64,user4897@example.com,178279,UK,(110) 980-7130,2023-11-14
C00884,37,user884@example.com,88692,Australia,343-619-1894,2023-09-23
C01594,56,user2673@example.com,146582,UK,=1-222-893-2163,2023-11-18
C01092,44,user1092@example.com,144589,USA,3771686437,2023-03-07
C03958,74,user3958@example.com,81134,UK,(927) 502-5748,2023-00-15
C00247,18,user532@example.com,97391,UK,497 108 7438,2023-04-23
C04047,,user4047@example.com,114361,Australia,544 102 2811,2023-03-03
C04315,69,user4315@example.com,149238,Canada,5051895109,2023-03-14
,130,user4112@example.com,51602,USA,(214) 185-8281,2023-02-11
C01728,38,user1728@example.com,123474,UK,473.569.1222,2023-04-11
C00611,51,user611@example.com,75833,UK,=1-716-490-2516,2023-09-19
C00212,22,user571@example.com,,UK,110-580-3182,2023-05-18
C02690,40,user2690@example.com,181723,Canada,104-434-7303,2023-11-15
C03049,64,user3049@example.com,74755,Canada,=1-242-935-4372,2023-03-19
C00344,35,user344@example.com,0,USA,782-469-7513,2023-04-21
C04125,51,user4125@example.com,185917,USA,=1-187-406-7606,2023-01-10
C03571,72,user3571@example.com,,India,549-902-9831,2023-02-11
C00435,63,user435@example.com,,Brazil,7438628899,2023-07-10
C01904,60,user1904@example.com,136511,USA,554 145 4677,2023-11-17
C03829,62,,143012,Canada,8107453070,2023-07-15
C03481,40,user3481@example.com,196991,UK,899-340-8961,2023-01-27
C02070,-100,user2070@example.com,98111,Australia,771 510 3149,2023-05-29
C01538,29,user1538@example.com,186177,Canada,7170940238,2023-11-13
C02270,66,user2270@example.com,,USA,655-373-3928,2023-10-06
C04975,31,,169861,Canada,9947713046,2023-05-26
C01518,55,user1518@example.com,195884,UK,211 187 3953,2023-10-15
C00966,26,user966@example.com,39277,USA,436-683-8397,2023-05-21
C04421,35,,146088,Australia,281.425.4733,2023-10-10
C00529,53,user529@example.com,161461,USA,3884494006,2023-08-15
C00177,31,,146895,USA,(728) 758-2740,2023-08-08
C03505,69,user3505@example.com,33317,Canada,987 144 4358,2023-02-13
C02562,75,user2562@example.com,126502,UK,=1-980-643-9602,2023-00-15
C04312,26,user4312@example.com,-50000,Canada,(481) 492-2522,2023-02-02
C00573,21,user573@example.com,115024,UK,7859904332,2023-10-24
C02317,64,user2317@example.com,136975,UK,323 316 2812,2023-10-19
C04840,70,user4840@example.com,71111,Mexico,9164319224,2023-05-09
C02477,33,user2477@example.com,133889,USA,=1-790-886-6351,2023-08-28
C03694,71,.user@domain.com,184062,Australia,3270353915,invalid-date
C02601,48,user2601@example.com,127462,Canada,(699) 606-4627,2023-02-10
C02209,75,,157402,UK,818.207.6879,2023-02-11
C02584,58,user2584@example.com,46932,USA,7865275431,2023-07-16
C04317,31,user@domain..com,137441,UK,382 531 3265,2023-09-02
C00384,41,user384@example.com,,Canada,(113) 240-9489,invalid-date
C00853,62,user853@example.com,127406,USA,591-542-1393,2023-06-04
C01881,-50,user1881@example.com,146547,Canada,1244313440,2023-04-01
C00371,22,user371@example.com,138946,UK,624.850.1287,2023-11-27
C00380,130,user2396@example.com,182545,UK,=1-410-162-4403,2023-06-21
C04338,72,user4338@example.com,88047,UK,(497) 721-8522,2023-04-29
C01106,34,user1106@example.com,185065,Australia,=1-526-770-5724,2023-11-12
C02590,52,user2590@example.com,72598,Canada,,2023-01-27
C03971,58,user3971@example.com,158406,USA,506.846.1889,2023-02-25
C01060,50,user1337@example.com,159631,Canada,(392) 583-5590,2023-04-15
C02190,65,user2190@example.com,131894,Australia,488-822-5703,2023-08-21
C04609,47,user4609@example.com,112315,USA,648-814-1129,2023-03-01
C04170,29,user4170@example.com,87804,UK,6536866413,2023-08-27
C04572,47,user4572@example.com,95421,Canada,695.393.5173,2023-12-03
C04696,78,user4696@example.com,199303,Australia,2673367915,2023-05-11
C04864,55,user4864@example.com,134301,UK,=1-993-165-3947,2023-07-22
C00240,66,user1172@example.com,166285,USA,=1-427-416-9230,2023-02-05
,49,user3616@example.com,199957,UK,398 746 7387,2023-02-29
C04194,39,user4194@example.com,178620,Canada,172-585-2287,2023-09-06
C01423,0,,,Brazil,982-252-3401,2023-06-29
C03028,-1,user3028@example.com,178344,UK,826.388.8850,2023-05-27
C02670,42,user2670@example.com,142660,UK,247 884 9841,2023-11-18
C04169,20,user4169@example.com,53525,USA,=1-199-539-6208,2023-10-19
C01465,46,user1465@example.com,43255,USA,733 157 4586,2023-04-03
C00875,56,user875@example.com,189988,Australia,463.531.8887,2023-12-30
C02342,46,,38531,Canada,(915) 281-8559,2023-01-13
C04355,54,user4355@example.com,193535,Canada,443.622.6150,2023-10-29
C01252,62,user1252@example.com,77893,Canada,(639) 845-6022,2023-05-17
C04539,29,user4539@example.com,184841,Australia,468 691 4215,2023-11-01
C00841,26,user841@example.com,137216,Canada,2949597857,2023-03-15
C04038,79,user4038@example.com,110632,Canada,(160) 227-1276,2023-08-28
C00582,57,user582@example.com,76220,Australia,,2023-06-31
C00205,62,user205@example.com,107240,Canada,221 316 9570,2023-10-03
C01642,40,user1642@example.com,54042,USA,8542826729,2023-12-17
C02015,39,user@domain..com,,Australia,(619) 443-5523,2023-03-04
C00906,,user906@example.com,72056,UK,121-951-3248,2023-12-10
C00632,68,user632@example.com,158133,UK,8786023064,2023-02-21
C03115,30,user3115@example.com,82344,Canada,(407) 236-7401,2023-09-29
C01975,68,,56270,Australia,(990) 134-8068,2023-03-01
C00163,40,user163@example.com,59336,USA,=1-753-224-2965,invalid-date
C03194,35,user3194@example.com,142272,UK,=1-868-489-1377,2023-01-01
C03850,53,user3850@example.com,-20000,Australia,=1-502-571-7456,2023-02-22
C04510,22,user4510@example.com,78928,UK,555-217-2488,2023-10-03
C00618,62,user618@example.com,120265,Canada,6153407834,2023-03-11
C04093,55,user4093@example.com,,Australia,,2023-06-21
C01432,40,user@domain..com,,Canada,(921) 769-5028,2023-06-31
C00193,42,user548@example.com,,Canada,589 994 3187,2023-02-20
C03356,21,user3356@example.com,85934,Australia,102.207.8910,2023-05-30
C04561,45,user4561@example.com,,UK,(222) 904-1477,2023-07-21
C04237,31,user4237@example.com,115617,USA,=1-709-466-8275,2023-12-28
C02405,70,user2405@example.com,186497,USA,=1-925-750-8475,2023-08-20
C02684,18,user2684@example.com,,Australia,,2023-04-31
C03837,59,user3837@example.com,152961,Canada,654 253 8151,2023-08-28
C04090,67,user4090@example.com,138835,Canada,8824192025,2023-02-23
C01862,28,user1862@example.com,113829,UK,1267698902,2023-01-07
C00641,-5,user641@example.com,81707,Australia,5751654002,2023-02-19
C03008,30,user3008@example.com,111685,Canada,2067378614,2023-06-21
C00638,45,user638@example.com,124767,USA,8764588206,2023-05-24
C03540,31,user3540@example.com,140310,,,2023-08-22
C03935,75,user3935@example.com,133262,UK,(458) 591-8606,2023-11-17
C03007,76,,85739,Canada,591 674 5675,2023-08-04
C02097,73,user2097@example.com,168202,USA,374-806-4427,2023-10-16
C02568,25,user2568@example.com,135219,UK,(385) 150-7567,2023-04-13
C03097,49,user3097@example.com,175213,Canada,(448) 986-9083,2023-09-07
C03699,74,user3699@example.com,133619,UK,=1-941-148-9313,2023-05-10
C04579,,user4579@example.com,149774,Canada,(494) 237-8108,2023-08-09
C00922,74,user922@example.com,34994,Australia,(429) 829-7125,2023-07-30
C00547,-1,user547@example.com,178338,Australia,=1-802-520-6233,2023-04-29
C03691,59,user3691@example.com,36523,India,(411) 667-1081,2023-10-10
C01901,18,user1901@example.com,120071,USA,947.186.1978,2023-11-08
C02029,51,user2029@example.com,136244,UK,=1-725-313-3918,2023-07-10
C02302,130,,117902,USA,448.427.6674,2023-08-31
C01886,60,user1886@example.com,83865,USA,1329869970,2023-09-30
C01643,68,user1643@example.com,176158,USA,932.427.4246,2023-12-31
C04560,56,user4560@example.com,165604,USA,(696) 867-9698,2023-03-29
C04825,53,user4825@example.com,54161,UK,165.576.5317,2023-04-22
C02098,63,user2098@example.com,167900,UK,=1-913-600-9938,2023-06-05
C04372,62,user4372@example.com,80390,Canada,950 100 1295,2023-04-27
C03586,61,user3586@example.com,129301,Australia,751.449.2453,2023-03-21
C00071,75,user4509@example.com,186080,Canada,125 811 3065,2023-10-07
C04983,70,user4983@example.com,188957,UK,5169624957,2023-02-26
C00837,63,user837@example.com,153364,UK,(365) 683-4734,2023-06-17
C00602,40,user602@example.com,92120,France,797.796.2998,2023-01-30
C00572,0,user2185@example.com,176612,Canada,(907) 110-4563,2023-02-01
C03890,27,user3890@example.com,34042,Australia,(340) 964-9425,2023-04-15
C02499,39,user2499@example.com,135468,UK,=1-468-589-5182,2023-09-30
C04322,76,user4322@example.com,162596,UK,(103) 478-5570,2023-05-28
C01583,27,user1583@example.com,124881,USA,(201) 827-3069,2023-11-30
C04281,74,user4281@example.com,199578,Canada,5578252120,2023-07-17
C04260,31,user4260@example.com,72879,,(348) 780-5808,2023-11-02
C04895,74,user4895@example.com,,Canada,620 713 6416,2023-09-04
C01071,34,user1071@example.com,127537,UK,617 724 8101,2023-10-21
C01776,27,user1776@example.com,126758,Australia,873-243-5954,2023-04-12
C04824,,user4824@example.com,193384,USA,7387885748,2023-06-15
C01284,23,user1284@example.com,-10000,,(626) 461-1834,2023-01-08
C03942,54,user3942@example.com,152689,USA,5734127482,2023-01-02
C04769,34,user4769@example.com,,UK,=1-396-637-6495,2023-04-13
C01837,70,user1837@example.com,173277,USA,,2023-02-13
C04257,73,user4257@example.com,91991,Canada,888.650.9048,2023-04-10
C01020,34,user1020@example.com,192527,Australia,531-128-1238,2023-02-26
C03227,35,,119044,UK,375-936-3928,2023-04-14
C01327,68,user1327@example.com,150951,Canada,380-296-3395,2023-07-09
C00476,70,user476@example.com,156374,Australia,686.200.9001,2023-02-09
C03470,32,user3470@example.com,71950,USA,358-103-8099,2023-05-24
C01652,62,user1652@example.com,,Canada,760.116.2137,2023-03-28
C04023,39,,184422,Canada,(534) 467-6351,2023-03-19
C04300,36,user4300@example.com,174347,USA,(215) 761-9191,2023-01-15
C02629,56,user2629@example.com,175677,Australia,976.824.8953,2023-07-10
C02781,79,user2781@example.com,77922,Australia,6953059839,2023-01-10
C00764,61,,0,UK,=1-124-417-1202,2023-03-30
C01374,41,user1374@example.com,133751,USA,6880283365,2023-06-21
C00740,0,user740@example.com,122708,Canada,793.638.7598,2023-04-24
C03753,73,user3753@example.com,,UK,1616963987,2023-05-12
C02458,28,user2458@example.com,40304,USA,757-520-8001,2023-07-14
C00868,61,user868@example.com,191121,Canada,493 575 8014,2023-01-02
C01141,57,user1141@example.com,93185,UK,=1-299-829-3345,2023-01-11
C00998,49,user998@example.com,153683,Canada,561 268 5141,2023-12-06
C01338,0,user1338@example.com,93909,Canada,=1-203-541-4028,2023-01-29
C00542,51,user542@example.com,155355,Australia,9813697315,2023-05-26
C01100,32,user1100@example.com,,UK,1381708520,2023-06-28
C01133,72,user1133@example.com,125989,Canada,562.733.8785,2023-09-28
C04089,,user@domain..com,199635,UK,927-703-5876,2023-12-21
C02861,51,user2861@example.com,0,Canada,984-177-1158,2023-03-10
C02259,19,.user@domain.com,,USA,=1-926-921-8377,not-a-date
C04012,37,user4012@example.com,39583,UK,3254069197,2023-07-23
C00060,26,,124230,Canada,(830) 876-9740,2023-03-04
C04957,59,user4957@example.com,97300,Australia,324-996-8077,2023-07-25
C01939,48,user1939@example.com,132171,Australia,215 623 2268,2023-09-22
C02595,50,user2595@example.com,47118,UK,,2023-04-26
C04952,19,user4952@example.com,88008,USA,(945) 878-7656,2023-03-28
C01079,19,user1079@example.com,104842,,(258) 294-1068,2023-11-31
C03130,71,user3130@example.com,72919,USA,(787) 843-7122,2023-04-09
C03149,39,invalid-email,31996,Australia,431.345.4133,2023-04-25
C02506,75,user2506@example.com,162450,Canada,116 381 6296,2023-10-21
C00941,49,user941@example.com,106848,Australia,468-139-9946,2023-07-30
C01081,68,user1081@example.com,44908,Canada,514 525 7465,2023-03-26
C00188,32,user188@example.com,82428,China,=1-648-467-6463,2023-06-18
C02979,47,user2979@example.com,147769,USA,622-883-5745,2023-06-11
C02086,21,user2086@example.com,164066,Australia,(691) 125-7510,2023-12-31
C02250,27,user2250@example.com,103984,Canada,(507) 798-9476,2023-07-10
C04906,47,user4906@example.com,166606,USA,609 585 6224,2023-10-01
C02024,79,user2024@example.com,186328,UK,255 596 4065,2023-04-14
C02701,27,user2701@example.com,123922,USA,=1-630-271-2633,2023-10-29
C04073,32,user4073@example.com,82224,USA,958.547.7449,2023-12-22
C03631,69,user3631@example.com,,Canada,=1-951-813-2008,2023-12-17
C00227,61,user227@example.com,46241,UK,9104238818,2023-06-31
C04150,26,user4150@example.com,199400,Canada,7041433982,2023-02-16
C01930,72,user@@domain.com,70130,Australia,(745) 278-3406,2023-03-20
C03077,24,,199439,Spain,805 701 6751,2023-11-16
C04504,50,user4504@example.com,117580,Australia,271.504.1760,2023-02-23
C01405,77,user1405@example.com,61027,Canada,(349) 157-9905,2023-03-20
C02180,28,user2180@example.com,162018,Canada,380.674.6745,2023-07-01
C00698,54,user698@example.com,125667,Australia,(954) 928-8760,2023-07-26
C01125,60,user1125@example.com,152564,UK,9118141883,2023-05-29
C04837,67,@domain.com,149547,USA,(122) 324-4232,2023-12-03
C02940,-5,user2940@example.com,168009,Canada,596.421.9786,2023-03-27
C01779,76,user1779@example.com,69169,UK,873-965-7433,2023-06-29
C04333,78,user4333@example.com,161049,Canada,=1-580-142-9565,2023-03-04
C01038,63,user1038@example.com,0,Canada,,2023-12-20
C04349,67,user4349@example.com,110986,Canada,818 882 6873,2023-07-12
C02257,35,user2257@example.com,37211,UK,889 155 5963,2023-03-07
C00314,51,user314@example.com,114289,USA,,2023-10-02
C00913,36,user2282@example.com,165028,Canada,624 842 2290,2023-03-26
,42,user1417@example.com,59963,UK,(538) 643-6486,2023-04-08
C01037,26,user1037@example.com,155814,China,8285619035,2023-06-22
C02160,54,user2160@example.com,165705,Australia,762-381-8843,2023-02-25
C04177,73,@domain.com,52763,USA,=1-846-102-7565,2023-02-16
C00420,19,user1755@example.com,193052,USA,357-241-6737,2023-07-25
C03134,20,user3134@example.com,69041,UK,761 992 3576,2023-12-15
C04233,,user4233@example.com,,Canada,=1-115-210-8775,2023-12-27
C03707,48,user3707@example.com,,USA,=1-402-248-9769,2023-11-17
C04161,64,user4161@example.com,59545,Canada,777.873.3674,invalid-date
C03367,77,user3367@example.com,118074,Australia,723 685 4783,2023-02-30
C03955,70,user3955@example.com,156150,USA,669.415.5370,2023-11-21
C00562,53,user1507@example.com,187249,USA,977 734 3113,2023-04-28
C01924,76,user1924@example.com,-5000,Canada,137 467 8867,2023-11-18
C00449,45,user449@example.com,,Australia,=1-367-655-6629,2023-04-10
C02461,50,user2461@example.com,178082,Canada,679-547-1525,2023-12-13
C04356,20,user4356@example.com,192735,USA,571-598-8486,2023-03-24
C04985,18,user4985@example.com,36895,UK,=1-588-433-1324,2023-02-22
C03677,-5,user3677@example.com,133215,Canada,5848100876,2023-10-05
C00362,74,user362@example.com,0,Canada,(127) 910-1040,2023-02-15
C02184,77,user2184@example.com,,Australia,(425) 705-1329,2023-04-11
C01135,48,user1135@example.com,82691,Australia,753-932-6278,2023-02-08
C03905,37,user3905@example.com,93745,USA,,2023-07-03
C02156,42,user2156@example.com,137286,Canada,(552) 469-9618,2023-11-06
C01831,44,user1831@example.com,96630,Canada,138-967-2194,2023-07-22
C01054,43,,180331,Canada,334-967-6427,2023-03-18
C00023,19,user23@example.com,176721,Mexico,,2023-05-03
C02067,31,no-dot@com,79052,UK,143 260 5638,2023-04-09
C01654,47,user1654@example.com,76999,Canada,6587745053,2023-06-31
C02606,54,user2606@example.com,,USA,716-210-2615,2023-04-04
C03232,60,user3232@example.com,104205,UK,625.932.1339,2023-09-03
C04617,61,user4617@example.com,131505,USA,(345) 476-2944,2023-11-14
C04061,25,user4061@example.com,177631,Canada,181.148.5714,2023-07-25
C02326,24,user2326@example.com,0,UK,(994) 281-7554,2023-12-25
C00461,61,user461@example.com,,USA,=1-486-731-6779,2023-09-28
C01068,47,user1068@example.com,132476,UK,6159978032,2023-03-05
C00088,21,user88@example.com,153106,UK,(776) 252-8421,2023-03-30
C01431,50,user1431@example.com,134135,Australia,=1-912-751-6463,2023-12-22
C03337,73,user3337@example.com,41221,UK,(210) 559-3066,2023-07-31
C00283,76,user283@example.com,185892,UK,5435473617,2023-06-31
C00463,47,user463@example.com,172228,Canada,=1-146-231-7003,2023-05-14
C00213,76,user213@example.com,37006,Canada,725 274 2047,2023-08-28
C03969,75,missingatsign.com,0,UK,(233) 252-1460,2023-09-05
C01369,26,user1369@example.com,75536,Canada,(329) 146-9741,2023-01-01
C00235,42,user235@example.com,182697,USA,104 671 4860,2023-04-31
C02790,67,,131025,USA,247.143.8535,2023-11-21
C00598,54,user598@example.com,177973,Canada,3515465308,2023-01-05
C04435,62,user4435@example.com,160364,UK,202-573-9315,2023-10-14
C02251,-999,multiple@issues@invalid,-1,InvalidCountry,,invalid-date
C04056,68,user4056@example.com,58930,UK,209 251 1499,2023-10-23
C02284,24,,120385,Canada,510 122 4013,2023-02-04
,22,user663@example.com,31920,Australia,,2023-08-26
C04979,44,,196490,Canada,100-176-4110,2023-04-24
,58,user2286@example.com,88502,,219 912 4139,2023-05-18
C04732,30,user4732@example.com,,Canada,595 336 2309,2023-11-15
C03215,19,user3215@example.com,-20000,Canada,490-473-1786,2023-01-23
C02521,23,user2521@example.com,191679,Canada,147 652 7177,2023-02-14
C03454,50,user3454@example.com,157536,USA,763.719.9153,2023-08-03
C00755,36,user780@example.com,130336,USA,201-654-3755,2023-05-18
C04827,28,user4827@example.com,,Spain,159.258.4741,2023-08-04
C01272,58,user3448@example.com,110730,UK,660 343 1972,2023-11-03
C03309,48,user3309@example.com,51341,Australia,=1-319-515-8046,2023-05-06
C03888,31,user3888@example.com,198001,UK,674 161 3156,invalid-date
C04851,52,user4851@example.com,82021,Canada,169 918 1268,2023-04-24
C00686,-1,user686@example.com,74816,Canada,(973) 806-9444,2023-02-19
C03938,22,user3938@example.com,169471,USA,(488) 258-1535,2023-08-03
C04328,21,,121009,Canada,6888264673,2023-06-10
C03456,67,user3456@example.com,52821,UK,3882025167,2023-08-22
C02172,51,user2172@example.com,108543,UK,957.788.6185,2023-04-10
C02686,0,user2686@example.com,0,Australia,562.869.2540,2023-05-13
C01851,60,user1851@example.com,65733,Canada,123.329.5749,2023-12-11
C00488,-25,user488@example.com,51644,UK,=1-923-407-8092,2023-05-23
C01689,45,user1689@example.com,105209,Australia,3784783625,2023-05-23
C02231,60,user2231@example.com,192051,USA,192 841 5009,2023-09-01
C03286,69,user3286@example.com,118992,Canada,,2023-06-13
C02321,76,user2321@example.com,107606,UK,713 385 6233,2023-08-26
C00783,29,user783@example.com,179524,UK,1726670039,2023-08-09
C00522,42,user522@example.com,100533,Canada,360 983 1916,2023-09-16
C00523,41,user523@example.com,133591,UK,646 483 2850,2023-08-21
C02858,55,.user@domain.com,132072,USA,=1-216-123-3105,2023-09-30
C03977,23,missingatsign.com,106000,UK,7504017397,2023-07-10
C02255,25,user2399@example.com,134215,Australia,908.749.2196,
C02208,68,user2208@example.com,178099,Canada,,2023-12-24
C03500,75,user name@domain.com,,India,(432) 146-6507,2023-03-29
C03575,76,user3575@example.com,113732,Australia,788 217 9257,2023-07-31
C03762,-1,user3762@example.com,146712,USA,9042104415,2023-10-29
C02842,58,user2842@example.com,,Australia,,2023-06-24
C01512,22,user1512@example.com,141576,UK,1034114705,2023-03-04
C01883,-10,,74331,Australia,144.421.6728,2023-10-17
C00652,38,user652@example.com,164066,USA,408-888-8592,2023-02-21
C02806,43,user2806@example.com,73066,Australia,7517616549,2023-09-20
C03674,51,user3674@example.com,167450,USA,(604) 504-8023,2023-08-30
C00370,29,user370@example.com,0,Australia,4514489277,2023-06-03
C03398,71,user3893@example.com,55022,USA,=1-928-928-8014,2023-10-10
C00119,64,user119@example.com,84336,UK,576.629.2281,2023-04-14
C03425,79,no-dot@com,59475,Canada,856.407.7666,2023-02-10
C03984,22,user@domain.,146528,Canada,(315) 992-2533,2023-06-12
C02217,62,.user@domain.com,99922,UK,(358) 840-7114,2023-11-16
C03758,35,user3758@example.com,199744,USA,831-559-3289,2023-07-03
C01614,41,user1614@example.com,39460,Australia,322-130-6366,2023-01-01
C04922,18,user4922@example.com,138775,Spain,,2023-04-09
C00963,44,user963@example.com,94925,Australia,(257) 438-7404,2023-03-01
C02511,72,user2511@example.com,93212,UK,8133735342,2023-12-06
C03790,45,user3790@example.com,128943,UK,,2023-07-20
C02843,42,user2843@example.com,82116,Australia,601-426-3734,2023-09-13
C03467,150,user3467@example.com,99351,Australia,(498) 461-4080,2023-02-13
C03143,52,user3143@example.com,98367,Australia,975.581.9379,2023-03-21
C02416,70,user2416@example.com,170262,UK,450 753 9824,2023-08-28
C04670,18,user4670@example.com,160912,USA,,2023-04-27
C03021,76,user4251@example.com,170562,USA,132-792-8032,2023-10-02
C02186,55,user2186@example.com,102255,Australia,6903559511,2023-12-27
C02935,38,user2935@example.com,85830,Australia,828.246.6960,2023-10-21
C02038,52,missingatsign.com,153664,USA,529.557.6331,2023-05-06
C04276,43,user4276@example.com,199241,Canada,=1-168-962-7962,2023-07-13
C00773,250,user773@example.com,125985,USA,(119) 381-4371,2023-09-25
C01285,72,user1285@example.com,88870,UK,607 488 3793,2023-09-09
C02708,58,user4619@example.com,190014,Australia,153.783.5338,2023-04-22
C04752,61,user4752@example.com,125042,USA,=1-560-416-2458,2023-03-30
C04591,42,,123220,Canada,291 474 1943,2023-09-18
C01415,79,user1415@example.com,48074,USA,=1-441-221-6906,2023-14-01
,,user1235@example.com,55479,UK,=1-467-384-3105,2023-04-05
C03183,37,user3183@example.com,64409,USA,(654) 731-1285,2023-11-09
C00436,47,,95458,USA,7844674517,2023-04-13
C01675,-100,user name@domain.com,174670,Canada,,2023-05-20
C00366,19,user@,157626,UK,222-883-5541,2023-09-28
C04238,53,,83502,Australia,921-379-8309,2023-03-31
C00232,75,,188117,USA,=1-808-138-3949,2023-02-23
C04282,36,user4282@example.com,143430,UK,=1-734-322-8378,2023-04-07
C04066,,user4066@example.com,48051,Canada,(457) 644-9652,2023-11-05
C04871,78,,132364,UK,687 887 2250,2023-07-18
C00408,19,user408@example.com,67044,UK,=1-456-460-3630,2023-12-26
C02091,78,user2091@example.com,77315,Australia,707 355 2374,2023-01-28
C00087,57,user87@example.com,136239,Australia,=1-873-751-1003,2023-04-01
C00845,19,user845@example.com,119037,Australia,607 470 9474,2023-05-06
C01032,27,user1032@example.com,0,USA,7974637746,2023-07-02
C02650,40,user name@domain.com,95431,UK,=1-509-742-7342,2023-07-24
C04535,57,user4535@example.com,-10000,USA,(778) 259-1969,2023-04-01
C02744,18,user2744@example.com,148686,Australia,8269331531,2023-04-27
C03251,-999,multiple@issues@invalid,-1,InvalidCountry,,invalid-date
C01622,53,user4629@example.com,170791,Canada,(245) 223-2300,2023-01-12
C00856,69,user856@example.com,33453,Australia,(448) 952-1891,2023-02-21
C00079,78,user79@example.com,47508,Canada,3875932424,2023-11-27
C02248,40,user2248@example.com,129782,Canada,8822316623,2023-10-23
C04585,43,user4585@example.com,107658,UK,3652998107,2023-05-31
C03986,39,user3986@example.com,119051,UK,8513092999,2023-04-16
C02933,60,user2933@example.com,,USA,=1-602-573-5358,2023-09-04
C02930,67,user2930@example.com,79589,Australia,676 581 1317,2023-01-21
C02280,-100,user2280@example.com,-5000,UK,178-434-7107,2023-02-07
C04533,64,user4533@example.com,59592,USA,=1-318-729-5825,2023-01-25
C04173,43,user4173@example.com,107261,USA,4210581718,2023-12-23
C03895,59,user3895@example.com,148171,Canada,911 872 8369,2023-11-20
C04126,21,user4126@example.com,119846,USA,882-763-2376,2023-05-21
,57,user2177@example.com,175486,UK,(554) 145-5514,2023-09-20
C00425,20,user425@example.com,90142,Canada,=1-517-397-8011,2023-05-15
C00393,53,user393@example.com,75095,Canada,711 635 6604,2023-12-14
C04742,51,user4742@example.com,163595,Australia,(338) 227-3371,2023-10-20
C04753,28,user4753@example.com,43163,UK,935 306 7318,2023-11-23
C00105,48,user105@example.com,106396,Canada,(111) 173-1257,2023-08-18
C02993,-100,user2993@example.com,137215,UK,556-717-9385,2023-01-10
C03742,21,user3742@example.com,99123,UK,714 500 7378,2023-12-10
C01949,35,.user@domain.com,64152,Australia,=1-832-899-9326,2023-02-24
C01460,69,user1460@example.com,119959,USA,952 533 8443,2023-10-20
C04388,-10,,124968,UK,218-688-7091,2023-10-02
C02526,21,user2823@example.com,67052,Canada,(267) 525-2940,2023-09-29
C04411,44,user4411@example.com,113028,Australia,(460) 893-7607,2023-04-25
C04805,34,user4805@example.com,,Australia,367-822-6906,2023-08-20
C01588,58,user1588@example.com,105886,UK,743-888-3507,2023-07-07
C03122,,user3684@example.com,109872,USA,448.464.1852,2023-01-20
C01732,65,user@,114726,UK,3747921408,2023-04-16
C04869,64,user4869@example.com,40683,UK,4176118012,2023-12-24
C03738,37,user3738@example.com,0,Australia,=1-915-891-6091,2023-12-01
C03706,68,user3706@example.com,100134,Brazil,2959373785,2023-03-03
C01792,42,user1792@example.com,77365,USA,168-100-3507,2023-02-18
C02356,19,missingatsign.com,83473,UK,6020616922,2023-01-19
C01941,34,user1941@example.com,92559,Canada,2786576136,2023-06-19
C00703,57,,51869,Australia,906 333 3260,2023-01-17
C00259,41,,71979,USA,8329312966,2023-05-02
,-10,user2834@example.com,143221,UK,,2023-09-26
C00497,41,user497@example.com,179359,Canada,(346) 254-5919,2023-08-25
C00465,63,user465@example.com,192917,UK,6760652905,2023-06-04
C02706,22,user2706@example.com,150494,USA,,2023-07-11
C04348,63,user4348@example.com,-5000,Canada,(122) 189-3174,2023-11-14
C00173,18,user173@example.com,182035,Canada,282.551.2137,2023-03-22
C03095,55,user3095@example.com,63980,Canada,(105) 496-3893,2023-01-23
C04812,23,user4812@example.com,44779,Australia,4181976714,2023-07-05
C02541,33,user2541@example.com,,USA,1782424812,2023-12-20
C04305,55,user4305@example.com,0,USA,115-289-4768,2023-01-25
C02971,47,user2971@example.com,56502,,4534096467,2023-12-15
C02261,30,user2261@example.com,106382,India,2567069461,2023-05-28
C02113,70,user@domain..com,114719,USA,635.801.4349,2023-01-17
C00901,55,user901@example.com,191770,Australia,130-303-4241,2023-06-08
C01447,-10,user1447@example.com,,USA,155.818.2736,2023-06-19
C03718,37,,113021,Spain,131 757 8241,2023-02-22
C00742,-10,user742@example.com,179329,Australia,698.610.7937,2023-11-24
C02294,46,,92320,Canada,105.516.4393,2023-07-02
C02453,63,user2453@example.com,132484,China,891.556.4519,2023-02-19
C02641,38,user2641@example.com,66561,USA,(553) 945-1668,2023-11-28
C04101,77,user4101@example.com,92224,USA,7917243133,2023-07-09
C00962,-100,user1207@example.com,61085,Canada,(123) 700-8856,2023-04-16
,50,user510@example.com,101569,Canada,1085507405,2023-02-26
C02639,35,user2639@example.com,84962,USA,206 965 5815,invalid-date
C01668,33,user@domain.,,Canada,8704142790,2023-03-07
C03335,78,user name@domain.com,171900,UK,(572) 252-3543,2023-02-11
C01550,48,user1550@example.com,85798,UK,=1-486-321-6703,2023-11-10
C03289,-10,user3289@example.com,87939,Canada,=1-845-481-8682,2023-11-24
C02203,57,user2203@example.com,35867,Canada,,2023-02-18
C02567,62,user2567@example.com,196412,USA,7913460903,2023-06-02
C02698,33,missingatsign.com,84970,UK,737-139-9807,2023-04-13
C02045,66,user2045@example.com,96471,UK,(971) 901-7701,2023-07-13
C00768,52,user768@example.com,168368,UK,8333222223,2023-04-05
C04939,20,user4939@example.com,104353,Australia,894.854.7352,2023-10-16
C04197,300,user4197@example.com,,USA,,2023-11-05
C00422,73,user422@example.com,,UK,435-605-2895,2023-09-11
C00124,77,user124@example.com,34213,China,=1-851-439-7897,2023-05-10
C04471,54,user4471@example.com,103705,Australia,(146) 470-7355,2023-07-14
C02647,53,,102227,Canada,978-726-8917,2023-01-23
C00820,22,user820@example.com,96197,UK,651 183 2270,2023-12-02
C01404,0,user1404@example.com,97384,Australia,(414) 439-8846,2023-02-19
C01383,77,user1383@example.com,143892,UK,,2023-03-15
C02149,49,user2149@example.com,,Australia,8683546423,2023-04-16
,0,user1576@example.com,151724,Australia,7871714360,2023-03-18
C01639,49,user1639@example.com,,Canada,716.317.9638,2023-07-28
C01796,39,user1796@example.com,183903,USA,156 224 5913,2023-08-30
C04831,40,,185086,UK,869 444 3612,2023-08-16
C00400,79,user400@example.com,,Canada,119-893-8934,2023-02-02
C02311,43,user2311@example.com,156613,Australia,(739) 698-3731,2023-11-29
C00883,0,user883@example.com,150076,USA,=1-773-794-3369,2023-05-31
C04989,70,user4989@example.com,84847,UK,=1-271-106-9818,2023-03-10
C02918,51,user@domain.,117245,Canada,602 113 6046,2023-14-01
C01353,50,user1353@example.com,180872,Australia,=1-455-474-8347,2023-04-30
C03919,49,user3919@example.com,129273,Australia,2775021744,2023-08-21
C04565,44,user4565@example.com,100400,Canada,(221) 529-8976,2023-09-31
C02131,64,user2131@example.com,181818,Australia,6224576330,2023-06-08
C00983,42,user983@example.com,93972,USA,=1-926-352-9615,2023-02-17
C00457,21,user457@example.com,99087,Australia,882 212 9037,2023-02-20
C03554,19,user3554@example.com,95184,Canada,(346) 151-9329,2023-08-13
C00968,28,user1080@example.com,134927,USA,982-612-7131,2023-02-01
C01951,29,user1951@example.com,137049,Canada,950 696 1534,2023-07-28
C04329,45,user4329@example.com,75836,Canada,825-192-4683,2023-09-17
C00690,67,user690@example.com,34017,UK,=1-142-619-2727,2023-02-06
C02430,61,user2430@example.com,150667,Australia,105 880 7620,2023-02-14
C00634,47,user642@example.com,48689,UK,=1-118-105-7470,2023-02-30
C02393,29,user2393@example.com,0,UK,(141) 723-5354,2023-09-04
C01954,,user1954@example.com,116483,UK,329-678-9249,2023-07-05
C02768,46,user2768@example.com,135072,Australia,8392416466,2023-10-25
C03558,49,.user@domain.com,115936,USA,440.662.3231,2023-04-18
C03457,75,user3457@example.com,55494,Australia,(828) 141-4782,2023-01-14
C03358,57,user3358@example.com,,USA,796.774.9273,2023-12-11
C04782,25,user4782@example.com,194052,Australia,5016564330,2023-02-23
C02952,39,user2952@example.com,146278,Australia,380-566-5521,2023-07-18
C01885,69,user1885@example.com,69560,Canada,(720) 507-8843,2023-05-08
C00390,300,user390@example.com,121502,UK,,2023-11-28
C02495,50,user2495@example.com,81137,Australia,,2023-04-19
C03139,61,user3139@example.com,168561,UK,5466545009,2023-12-01
C04818,61,user4818@example.com,,USA,=1-859-809-7492,2023-10-05
C00846,-100,,182185,Australia,,2023-04-12
C00543,19,user543@example.com,57798,USA,3753498424,2023-03-02
C00092,71,user92@example.com,32257,UK,835 452 2462,2023-01-07
C00757,71,user4598@example.com,35993,Canada,984.578.7396,2023-05-18
C01980,40,user1980@example.com,188308,USA,2260108602,2023-05-06
C04624,49,user4624@example.com,193898,Australia,680 522 4604,2023-06-28
C04104,54,user4104@example.com,150050,Australia,319-578-1835,2023-04-05
C02923,130,,137529,USA,4711270669,
C02530,25,user2530@example.com,-10000,Australia,,2023-09-05
,56,user1677@example.com,58807,UK,4675905639,2023-10-02
C01049,-50,user1049@example.com,147269,Australia,,2023-06-08
C01961,33,user1961@example.com,84745,Germany,(566) 422-2890,2023-11-25
C02531,67,user2531@example.com,185371,Canada,(324) 627-3126,2023-10-01
C02802,51,user2802@example.com,41523,Canada,244 581 2780,2023-11-28
C00238,50,user238@example.com,74605,USA,=1-324-575-4409,2023-08-17
C02987,48,,171385,USA,742-862-5610,2023-08-20
C04843,35,user4843@example.com,140218,Australia,724 724 6691,2023-03-01
C01134,33,user1134@example.com,166304,USA,=1-523-776-4079,2023-05-17
C01806,130,user1806@example.com,62766,USA,814 919 2758,2023-06-22
C04346,52,user4346@example.com,76531,Australia,=1-565-486-1382,2023-08-23
C00164,79,user164@example.com,70992,Australia,976-719-3128,2023-01-16
C04291,62,user4291@example.com,64160,UK,422.592.3176,2023-12-12
C04725,65,user name@domain.com,147996,USA,239-846-2471,2023-12-06
C03235,69,user3365@example.com,90101,UK,703 742 2028,2023-11-29
C04847,64,invalid-email,189978,Australia,(852) 695-5232,2023-09-08
C03221,20,user3221@example.com,53331,Canada,(519) 419-3730,2023-08-31
C03659,25,user3659@example.com,92501,Australia,476 724 6665,2023-10-19
C03964,41,user3964@example.com,91192,Australia,,2023-11-16
C01812,53,,179515,Australia,7263566321,2023-05-22
C03132,78,user3132@example.com,36447,USA,4897716760,2023-01-01
C03400,56,user3400@example.com,113308,India,266-249-6604,2023-11-31
C01429,78,user1429@example.com,120610,Canada,461 426 9097,2023-06-10
C04459,56,user4459@example.com,81586,USA,1282449336,2023-04-14
C02819,0,user2819@example.com,142652,Canada,(414) 960-2081,2023-08-12
C04999,34,user4999@example.com,187221,Australia,812.941.7541,2023-09-19
C04925,19,user4925@example.com,108177,Canada,(821) 976-3572,2023-11-22
C04665,65,user4665@example.com,62376,Canada,(251) 273-3470,2023-02-05
C04614,200,user4614@example.com,,UK,409 964 8318,2023-09-29
C01453,25,user1453@example.com,161379,USA,(883) 286-8696,2023-05-03
C00594,45,user594@example.com,124776,Australia,465 826 8949,2023-09-14
C02726,61,user2726@example.com,116988,USA,943-945-8107,2023-03-10
C00042,45,user42@example.com,136122,USA,=1-884-774-6119,2023-07-15
C00561,0,,161184,Canada,329-830-4328,2023-04-06
C03222,-50,user3222@example.com,53004,Canada,,2023-04-03
C00857,32,user3338@example.com,172283,Canada,(840) 175-5628,2023-07-12
C00114,69,user244@example.com,97293,Mexico,=1-924-876-8424,2023-09-16
C01340,29,user1340@example.com,169335,Canada,214.199.1223,2023-01-31
C03765,63,,62332,UK,7586487092,2023-04-21
C03883,45,user3883@example.com,68090,UK,4446206748,2023-11-21
,78,user4362@example.com,178469,Canada,(244) 717-8823,2023-11-05
C01443,57,invalid-email,87616,Canada,=1-531-348-4452,2023-03-19
C00262,71,user262@example.com,55851,Australia,4889428336,2023-08-07
C04454,60,user4454@example.com,163089,Australia,548-389-1718,2023-02-17
C01690,49,user1690@example.com,57877,Canada,(572) 997-2755,2023-03-02
C01726,54,user1726@example.com,79877,Australia,602 852 6747,2023-02-13
C04086,20,user4086@example.com,31132,UK,,2023-12-18
C00835,55,@domain.com,139814,UK,1753890647,2023-14-01
C01867,57,user1867@example.com,125598,Canada,608-619-4690,2023-02-22
C02497,69,user2497@example.com,91497,Australia,9569995483,2023-05-02
C02011,73,user2011@example.com,178118,Canada,,2023-01-08
C00341,50,user341@example.com,181385,China,793 787 2431,2023-04-31
C03009,999,user3009@example.com,78639,Australia,=1-209-100-1511,2023-07-27
C01602,60,user1602@example.com,169920,USA,958.312.7402,2023-03-27
C03761,77,user3761@example.com,81024,UK,668-917-2508,2023-02-10
C04710,23,user4710@example.com,83915,Canada,6864241036,2023-12-02
C00481,69,user481@example.com,194006,Canada,=1-319-394-5344,2023-00-15
C03075,19,user3075@example.com,176864,UK,131.361.8759,2023-09-10
C03925,65,user3925@example.com,97819,UK,1574347894,2023-06-08
C03622,39,user@@domain.com,136802,Australia,296.986.1381,2023-02-29
C04654,64,user4654@example.com,34655,Canada,127 718 5933,2023-06-04
C03067,27,user3067@example.com,-5000,Germany,1306386460,2023-05-26
C04712,35,user4712@example.com,171691,USA,146 470 6217,2023-08-06
C01767,70,user@@domain.com,107154,USA,238.526.4268,2023-12-06
C04488,30,user4488@example.com,124192,UK,(392) 208-8526,2023-06-19
C02454,64,user2454@example.com,163913,USA,(428) 579-4730,2023-12-03
C02898,63,user2898@example.com,138047,Australia,(701) 274-1699,2023-02-27
C03840,43,user3840@example.com,0,UK,867 139 9718,2023-06-25
C04041,61,user4041@example.com,91554,China,533.905.6050,2023-09-10
C04693,67,user4693@example.com,72399,Canada,9411067740,2023-04-18
C03704,28,@domain.com,135723,USA,=1-823-686-7893,2023-11-05
C01272,76,user1272@example.com,171417,UK,749-181-2256,2023-04-22
C03099,62,user3099@example.com,45896,UK,,2023-08-10
C04516,47,user4516@example.com,130537,USA,=1-686-600-1070,2023-02-21
C03779,62,user3779@example.com,153607,Canada,7636535341,2023-03-08
C04156,77,user4156@example.com,126881,USA,504.591.3479,2023-11-04
C00348,45,user348@example.com,96641,Mexico,995 674 2435,2023-07-28
C02471,35,user3906@example.com,162283,Canada,754.335.4802,2023-03-01
C04639,21,user4639@example.com,50365,Australia,7567162889,2023-04-19
C02563,36,,164404,UK,919-645-6941,2023-05-24
C02201,26,user4605@example.com,148558,Brazil,495 845 9237,2023-08-07
C01424,56,user1424@example.com,,UK,251.499.8318,2023-11-26
C00657,47,user657@example.com,153489,USA,=1-949-953-7418,2023-02-05
C02103,51,user2103@example.com,32035,USA,230 875 1223,2023-09-31
,54,,195582,Canada,360.699.2339,2023-07-16
C04367,51,,,Spain,6556177919,2023-12-13
C02494,47,user2494@example.com,184536,Australia,(618) 692-9462,2023-11-05
C02666,64,user2666@example.com,84460,USA,=1-602-541-3184,2023-09-17
C04926,-1,user4926@example.com,71964,Canada,938-757-2371,2023-09-27
C03687,26,user3687@example.com,176025,USA,8934658811,2023-03-30
C03373,79,user3373@example.com,181770,UK,(506) 102-8045,2023-05-04
C04026,31,user4026@example.com,76015,Canada,176.860.3558,2023-11-12
C03619,39,user3619@example.com,180231,UK,(512) 907-4753,2023-07-28
C02501,-999,multiple@issues@invalid,-1,InvalidCountry,,invalid-date
C01466,55,user1466@example.com,165639,Canada,288 942 2264,2023-08-15
C04164,26,user4164@example.com,192046,Canada,449-291-5073,2023-09-31
,33,user116@example.com,46923,Spain,2583033048,2023-11-26
C01822,40,,82003,UK,=1-825-619-9608,2023-11-21
C01495,25,user1495@example.com,45641,Australia,(725) 721-2228,2023-02-15
C02402,42,user2402@example.com,70644,UK,=1-703-320-8982,2023-03-20
C01233,45,user1233@example.com,120221,Germany,976.952.4526,2023-08-21
C02662,79,user2662@example.com,137803,USA,673-559-1942,2023-12-17
C02893,55,user2893@example.com,46562,UK,9872881926,2023-11-31
C04588,79,user4588@example.com,136833,Australia,=1-684-799-7230,2023-12-03
C01154,68,user1154@example.com,-20000,Canada,6769110814,2023-10-28
C03873,41,no-dot@com,67500,UK,958-472-4443,2023-06-20
C00058,24,user58@example.com,,UK,283 821 8304,2023-07-29
C03651,46,user3651@example.com,126176,Canada,930-130-2748,2023-03-06
C04303,31,user4303@example.com,83693,Australia,=1-150-828-4474,2023-08-22
C04961,77,user4961@example.com,144316,Canada,=1-444-298-9912,2023-06-12
C01736,24,user1736@example.com,43704,USA,=1-858-812-8056,2023-05-16
C02197,,user2197@example.com,-50000,Canada,949 746 3793,2023-09-19
C03576,31,,109557,USA,6549690147,2023-11-06
C02476,,user2476@example.com,,USA,254 365 4651,2023-02-29
C00385,63,user2565@example.com,39873,Canada,(483) 262-2640,2023-08-01
C03180,57,user3180@example.com,76233,Australia,=1-462-960-4872,2023-12-07
,29,user4059@example.com,81360,UK,563 204 5038,2023-12-30
C03680,0,user3680@example.com,122837,UK,722 190 1446,2023-02-21
C00708,500,user708@example.com,103788,UK,446-422-7580,2023-04-15
C04295,76,user4295@example.com,112597,Canada,9433197937,2023-03-05
C01094,51,user1094@example.com,124715,Germany,353.716.3644,2023-03-06
C04461,70,user4461@example.com,171779,UK,891.838.1199,2023-09-17
C01377,52,user1377@example.com,116124,USA,=1-401-432-1938,2023-07-02
C04929,51,user@,84646,India,4794327780,2023-04-15
C00073,37,user73@example.com,46211,Australia,645.572.7566,2023-09-29
C00665,76,user1923@example.com,128071,UK,117 550 1145,2023-01-17
C03195,25,user3195@example.com,121074,Canada,=1-883-378-4360,2023-02-12
C01765,26,missingatsign.com,129352,USA,=1-546-795-6283,2023-01-05
C00744,27,user744@example.com,115178,UK,(247) 617-3082,2023-01-12
C04208,,user4208@example.com,143451,UK,,2023-04-01
C01006,76,user1006@example.com,62821,Canada,=1-772-348-8171,2023-04-16
C02669,56,user2669@example.com,145375,Canada,338.683.9322,2023-08-17
C01191,53,,183322,UK,7367038689,2023-05-14
C03634,48,user3634@example.com,123448,UK,344.309.4541,2023-01-31
C02602,75,user2602@example.com,132892,Australia,,2023-10-15
C01126,60,user1126@example.com,98798,USA,,2023-03-10
C01116,,user1242@example.com,74825,UK,3598217672,2023-07-23
C04383,39,no-dot@com,146854,USA,9146212299,2023-12-08
C04332,58,user4332@example.com,179634,Canada,=1-937-705-5405,2023-02-20
C03464,51,invalid-email,153777,Australia,432.520.7205,2023-02-06
C00999,200,,,Australia,(618) 145-8572,2023-04-28
C03408,38,user3408@example.com,143768,UK,429 757 7043,2023-01-16
C02685,57,,,Canada,(332) 459-2336,2023-09-28
C01578,38,,137227,UK,(669) 500-4156,2023-03-28
C04806,-1,user4806@example.com,149496,UK,=1-405-293-5249,2023-03-13
C01827,44,user1827@example.com,-10000,Australia,795 587 6302,2023-05-21
C03314,77,user3314@example.com,116807,USA,(653) 538-9071,2023-01-06
C02899,31,user2899@example.com,-10000,USA,6810639622,2023-09-18
C03559,48,,111515,Canada,(145) 537-9036,2023-02-02
C00441,71,user441@example.com,156479,UK,609 336 3205,2023-04-16
C03997,64,user4967@example.com,115990,Australia,962 929 3800,2023-01-06
C01101,77,user1101@example.com,,Canada,8720349513,2023-08-09
C04035,19,user4035@example.com,158949,UK,427.367.3598,2023-01-10
C02269,55,user4002@example.com,108972,Canada,239 840 6618,2023-07-19
C00650,43,user650@example.com,78442,Canada,6333405410,2023-03-06
C01547,59,user@domain.,168419,Australia,(749) 560-2596,2023-01-06
C03561,49,,177717,Australia,3732670325,2023-05-20
C04832,32,invalid-email,110308,Canada,(305) 236-9524,2023-01-15
C03185,,user3185@example.com,169810,Canada,227 197 5033,2023-08-05
C03208,999,user3208@example.com,-10000,USA,685 453 6890,2023-05-01
C03766,36,no-dot@com,42467,Canada,299-303-4320,2023-01-17
C00631,33,user631@example.com,180305,Australia,522 196 8612,2023-09-16
C00673,18,user673@example.com,,Australia,918 964 3654,2023-07-03
C00330,20,user1250@example.com,45735,UK,110.200.7179,2023-11-23
C00483,38,user483@example.com,,Canada,(739) 860-2506,2023-04-30
C01585,0,user1585@example.com,151688,USA,9232015048,2023-03-25
C03096,59,user3096@example.com,86117,Australia,144 409 3992,2023-10-09
C04744,62,user4744@example.com,176161,Canada,962.124.6719,2023-07-24
C03059,65,user3059@example.com,103591,Canada,8060506476,2023-02-18
C01463,44,user1463@example.com,42497,Australia,260 378 2506,2023-03-08
C04074,65,user4074@example.com,49643,USA,942 252 2293,2023-09-10
C04916,999,,174378,Canada,(546) 350-8590,2023-12-23
C02579,36,user2579@example.com,139028,Canada,331-382-3300,2023-12-02
C03826,47,user3826@example.com,90390,USA,=1-744-167-2376,2023-03-27
C00050,68,user50@example.com,-10000,Canada,,2023-07-10
C04304,73,user4304@example.com,158924,UK,(249) 224-1733,2023-04-14
C03078,38,user3078@example.com,179172,Australia,,2023-01-01
C00859,42,user859@example.com,152439,USA,740-557-3045,2023-06-19
,64,user1073@example.com,161040,Germany,880-490-8002,2023-08-16
C00720,25,,166355,Canada,=1-442-499-3064,2023-09-30
C02615,79,user3606@example.com,120369,UK,835 882 4075,2023-11-30
C02426,68,user2632@example.com,150419,UK,116.214.4109,2023-04-19
C04889,19,,192008,USA,8777794369,2023-04-06
C01661,68,user1661@example.com,198735,Australia,,2023-05-05
C00523,36,user1657@example.com,,Canada,727 148 7444,2023-01-21
C02426,31,user2426@example.com,,Canada,583.976.5974,2023-11-01
C04608,,user4608@example.com,108422,Australia,(451) 392-7061,2023-06-08
C02966,-10,user4243@example.com,,UK,334.853.8843,2023-02-04
C04990,150,user4990@example.com,120365,Australia,=1-202-976-5364,2023-09-08
C04458,43,,0,USA,8190081923,2023-09-18
C04491,18,user4491@example.com,148089,Australia,(415) 438-2560,2023-06-20
C03327,36,user3327@example.com,90282,USA,(758) 894-9435,2023-04-09
C04767,68,user4767@example.com,198751,Australia,790 311 7988,2023-03-12
C04140,37,user4140@example.com,132499,Canada,897-571-7523,2023-08-10
C02607,21,user2607@example.com,162201,UK,=1-197-220-4909,2023-09-30
C01386,31,user1386@example.com,82495,Canada,251.590.2535,2023-06-07
C03860,41,,194404,Australia,703 326 4641,2023-01-21
C01400,25,user1400@example.com,147449,Germany,910-208-9886,2023-01-06
C01196,78,user1196@example.com,33327,Australia,537 795 3756,2023-03-02
C01409,54,user1409@example.com,65554,USA,245 101 4675,2023-05-29
C01650,22,user3849@example.com,115366,Canada,374.357.3990,2023-01-14
,21,user1799@example.com,193515,Mexico,3650675666,2023-02-20
C01476,39,user1476@example.com,96809,Australia,(664) 306-1530,2023-10-26
C03272,19,user3272@example.com,54600,USA,476.152.9470,2023-10-19
C00036,61,user36@example.com,57990,UK,941-628-3174,2023-07-09
C03564,51,user3564@example.com,,Canada,855-878-6273,2023-10-10
C02346,30,user2346@example.com,157572,Australia,,2023-01-12
C01260,39,user3231@example.com,105057,UK,433-975-3814,2023-01-16
C02360,39,user2360@example.com,121563,USA,826 603 5009,2023-01-01
C02207,46,user2207@example.com,31539,Australia,243 578 6291,2023-12-03
C04772,35,user4772@example.com,45762,Australia,438.871.5288,2023-11-05
C01287,21,user1287@example.com,73856,Australia,=1-971-884-2931,2023-03-16
C00350,42,user350@example.com,93232,Canada,395 267 7944,2023-02-19
C02138,66,user2138@example.com,,Canada,(268) 586-1004,2023-08-05
C02692,-50,user2692@example.com,50008,UK,276-293-9162,2023-10-25
C04854,25,user4854@example.com,136843,USA,153.482.1958,2023-01-06
,34,user4575@example.com,164854,Canada,=1-888-293-4681,2023-07-31
C01682,36,user1682@example.com,197415,Australia,313.933.9644,2023-06-04
C04635,73,user4635@example.com,107028,Canada,373.964.9160,2023-01-02
C01444,57,user1444@example.com,39221,Brazil,(157) 864-3257,2023-07-05
C03265,52,,85087,Australia,169 460 6430,2023-05-26
C01672,21,user name@domain.com,174771,France,=1-589-777-9029,2023-07-29
C00016,300,user3658@example.com,,UK,735-796-4501,2023-04-12
C01180,64,user1180@example.com,54519,UK,(977) 599-7419,2023-09-04
C02799,64,,,Australia,=1-299-994-6954,2023-03-23
C01693,46,,111780,USA,587-777-9698,2023-08-10
C03899,61,user3899@example.com,106478,Australia,=1-747-447-7913,2023-08-14
C00373,49,user373@example.com,129003,Brazil,(427) 572-3219,2023-12-17
C03635,32,user3635@example.com,150507,Mexico,(883) 943-6817,2023-11-27
C01917,55,user1917@example.com,113291,USA,355-889-9893,2023-08-02
C01358,22,user1358@example.com,50862,UK,146.679.1996,2023-06-09
C01826,38,user1826@example.com,,USA,(198) 781-2740,2023-08-02
C00787,29,user787@example.com,77406,Germany,431 364 7152,2023-10-27
C00470,58,user470@example.com,40728,USA,217.445.3781,2023-04-01
C00141,28,user141@example.com,162473,Canada,(691) 851-6653,Jan 1 2023
C00789,24,user789@example.com,177026,UK,=1-700-342-9076,2023-05-22
C00324,23,user324@example.com,70695,Mexico,478.288.4361,2023-03-10
C00051,61,user51@example.com,150779,Canada,=1-426-377-3319,2023-10-18
C00715,67,,64397,Canada,=1-725-250-7618,2023-02-14
C04503,-5,user4503@example.com,161025,Australia,275-707-7938,2023-01-30
C02841,50,user2841@example.com,61601,USA,(473) 971-5140,2023-12-21
C00595,34,user2447@example.com,50923,UK,213.583.3200,2023-04-04
C04829,79,user4829@example.com,160466,UK,267-265-5592,2023-03-19
C04776,130,user4776@example.com,93079,Australia,=1-348-953-5234,2023-05-05
C04611,61,user4611@example.com,178394,Canada,=1-189-934-6598,2023-08-16
C03036,53,user3036@example.com,83364,Australia,940 583 9922,2023-02-12
C02667,31,user2667@example.com,167293,USA,320 777 8407,2023-03-30
C00407,250,user407@example.com,198798,USA,192-249-5544,2023-06-30
C03381,24,user3381@example.com,86116,UK,=1-771-305-1232,2023-04-11
C01005,39,user1005@example.com,69178,Canada,572 169 2352,2023-01-27
C03226,-100,user3226@example.com,93217,USA,=1-829-178-2103,2023-02-09
C00891,20,user891@example.com,30192,UK,997 908 1691,2023-07-24
C02412,24,user2412@example.com,130088,Canada,(599) 106-6229,2023-03-10
C02546,43,.user@domain.com,122759,USA,319 564 5305,2023-12-27
,34,user4857@example.com,58511,Germany,9234930973,2023-08-25
C02391,0,user2391@example.com,108291,Canada,4683031554,2023-02-18
C03965,78,user3965@example.com,78733,UK,352.782.8676,2023-07-11
C00043,77,.user@domain.com,49008,USA,691-876-6114,2023-04-10
C02831,150,user2831@example.com,130422,Canada,,2023-10-11
C00523,79,,0,Australia,=1-413-400-7571,2023-08-27
C00304,21,user304@example.com,179092,UK,268-382-2835,2023-10-12
C04528,50,user4528@example.com,124533,UK,=1-695-591-3824,2023-08-18
C03772,75,user3772@example.com,163653,Mexico,1436611598,2023-07-10
C00665,51,user665@example.com,106872,Australia,219 606 6681,2023-03-13
C01178,43,user1178@example.com,53989,Canada,4480721612,2023-06-25
C02677,0,user2677@example.com,82335,USA,(130) 764-9109,2023-12-03
C00733,42,.user@domain.com,63783,Canada,=1-316-927-6129,2023-10-22
C02502,55,,137594,UK,978 202 6811,2023-03-27
C01474,79,user1474@example.com,135982,Australia,=1-209-166-4471,2023-04-29
C03506,32,user3506@example.com,74980,USA,522 647 2189,2023-09-02
C03543,0,user3543@example.com,75124,UK,(948) 708-9730,2023-11-03
C02133,66,user2133@example.com,103369,USA,(916) 634-7274,2023-01-15
C01027,40,user1027@example.com,,USA,223 337 4502,2023-12-16
C00962,53,user962@example.com,38026,UK,701.123.1527,2023-10-26
C02890,66,user2890@example.com,0,Australia,790-882-8306,2023-08-15
C03387,72,,171835,UK,5998943805,2023-04-22
C02010,32,user2010@example.com,110165,Canada,542 605 5309,2023-05-22
C02150,52,user2150@example.com,109878,USA,9159416252,invalid-date
C03345,0,user3345@example.com,185976,Canada,291 932 9152,2023-11-17
C02339,51,user2339@example.com,170167,Australia,235.400.2061,not-a-date
C03913,50,,-1000,USA,,2023-02-26
C00305,72,user305@example.com,169227,USA,5930425078,2023-08-06
C01441,31,.user@domain.com,71830,USA,,2023-03-10
C01497,46,user1497@example.com,36305,USA,924-115-3336,2023-01-19
C02653,31,,180653,Canada,653.465.2262,2023-04-27
C02876,32,user2876@example.com,185063,UK,849.792.2003,2023-08-20
C00917,-5,user917@example.com,30717,UK,(971) 620-9011,2023-08-22
C04196,22,user4196@example.com,166491,UK,(952) 710-9811,2023-07-13
C03746,41,user3746@example.com,149042,Spain,149-167-7147,2023-09-14
C02773,64,user2773@example.com,192947,Australia,630 647 1286,2023-10-29
C01625,24,user1625@example.com,172867,USA,304 680 6782,2023-08-03
C03862,53,user3862@example.com,186635,USA,328-981-9265,2023-12-19
C00822,200,user822@example.com,106240,Canada,5825033229,2023-04-31
C03322,40,user3322@example.com,79156,UK,(500) 943-9034,2023-06-08
C01355,130,user1355@example.com,122446,Australia,169 594 7864,2023-09-08
C04512,42,user4512@example.com,54976,UK,,2023-06-28
C00851,,user851@example.com,151866,,355-301-3694,2023-09-05
C01001,-999,multiple@issues@invalid,-1,InvalidCountry,,invalid-date
,73,user3399@example.com,,USA,=1-923-912-2415,2023-07-04
C00019,41,user19@example.com,101126,Australia,,2023-11-16
,18,user1638@example.com,139430,UK,(675) 167-7317,2023-01-16
C01668,999,user1668@example.com,99443,Canada,815.274.3257,2023-08-16
C00494,20,user494@example.com,197248,USA,7301985407,2023-09-18
C01348,28,user1348@example.com,,Australia,,2023-10-08
C03752,21,user3752@example.com,53147,Australia,=1-553-757-7736,2023-04-15
,53,user3277@example.com,71139,USA,2147210900,2023-12-17
C03639,61,user3639@example.com,90186,USA,192-196-8450,2023-05-26
C03504,28,user@domain..com,70633,UK,678-240-4789,2023-07-30
C00688,41,user688@example.com,,Canada,918 568 2817,2023-06-30
C03756,51,user3756@example.com,129468,Canada,,2023-07-11
C01609,42,user1609@example.com,95333,USA,455.595.9953,2023-10-12
C04105,21,user4105@example.com,85856,Australia,=1-571-939-9856,2023-05-20
C03424,43,user3424@example.com,136471,USA,=1-472-176-9163,2023-02-05
C01010,50,user1010@example.com,,Canada,647-859-7403,2023-09-13
C02409,-100,user2409@example.com,,USA,760.406.5328,2023-01-08
C01093,68,user1093@example.com,175406,Australia,719.566.3414,2023-06-31
C01328,62,user1328@example.com,153099,USA,118 731 4270,2023-08-27
C01678,20,user@,,USA,1335079305,2023-05-29
C02000,200,user2000@example.com,110077,Canada,329 273 5726,2023-12-10
C01311,21,,,USA,869.882.7551,2023-09-13
C03280,500,user3280@example.com,117838,USA,(142) 145-5962,2023-03-09
C01988,35,,172157,USA,707-707-7060,2023-01-06
C04648,27,user4648@example.com,30294,UK,125-476-6332,2023-11-22
C00345,57,user345@example.com,75740,Canada,(833) 974-8006,2023-01-07
C04784,22,user4784@example.com,142333,Canada,2157960656,2023-10-01
C00987,47,,116598,Australia,8698070838,2023-01-13
C03876,38,user3876@example.com,77997,UK,307.209.4548,2023-10-20
C03832,76,user3832@example.com,153711,UK,300 652 4059,2023-02-12
C04327,76,user4327@example.com,196963,Australia,,2023-04-08
C04027,44,,89902,Australia,244-593-1881,2023-09-31
C03113,-25,user3113@example.com,70096,UK,2774920001,2023-07-23
C03051,52,invalid-email,,Canada,214 613 9912,2023-09-12
C01143,250,,66182,Canada,230-609-2426,2023-03-04
C02359,37,user2359@example.com,0,France,199.437.2213,2023-12-08
C01199,64,user1199@example.com,145945,Australia,8398297717,2023-01-15
C00086,67,user86@example.com,117697,USA,322-936-3276,2023-07-28
C01519,23,user1519@example.com,123664,Canada,2860212181,2023-11-05
C00517,-5,user517@example.com,,Germany,=1-225-891-6134,2023-04-19
C01382,79,user1382@example.com,128618,Australia,3366002146,2023-06-27
C02717,60,user2717@example.com,39265,Canada,603-206-6267,2023-09-31
C03106,20,user3106@example.com,41397,Canada,166-189-5305,2023-04-07
C01015,38,invalid-email,82953,Australia,5736461116,2023-10-15
C00129,46,user129@example.com,58172,Australia,928.855.1447,2023-11-11
C01365,19,user1365@example.com,48931,Australia,=1-813-109-9401,2023-12-20
C03648,71,,95439,Canada,572-612-7671,2023-11-06
C03146,0,user3146@example.com,107355,Canada,645.629.2031,2023-05-10
C00892,0,user892@example.com,66413,Canada,324 103 4654,2023-01-29
C02794,25,user2794@example.com,196765,USA,851 563 8272,2023-06-19
C04222,40,user4222@example.com,67260,UK,109-811-7971,2023-01-06
C00127,27,user1360@example.com,151219,UK,801 645 9412,2023-06-20
C00308,76,user308@example.com,138714,Australia,,2023-08-11
C01662,64,user1662@example.com,152019,USA,(274) 190-4131,2023-04-23
C01756,53,user2432@example.com,,Canada,885 380 1319,2023-02-30
C00951,24,user3959@example.com,118916,USA,(120) 684-6449,2023-03-16
C01318,55,user1318@example.com,194109,Australia,591 396 5623,2023-04-19
C04318,28,user4318@example.com,46984,Australia,(422) 416-7695,2023-03-13
,-5,user2475@example.com,64650,USA,108-330-6281,2023-02-29
C02543,23,user2543@example.com,77645,Canada,(506) 430-1191,2023-04-18
C01247,42,user1247@example.com,179886,USA,437-755-2457,2023-12-17
C01209,62,user1209@example.com,175787,USA,=1-285-493-8932,2023-01-07
C00217,19,user217@example.com,53091,UK,223.800.9943,2023-02-27
C04307,78,user4307@example.com,45605,USA,7537032807,2023-13-01
C04111,49,,184682,USA,=1-616-898-8349,2023-01-03
C01240,43,user1240@example.com,46351,Canada,1875155003,2023-12-18
C02290,77,user2290@example.com,-20000,UK,687.584.4525,2023-07-08
C02741,37,user2741@example.com,64758,Canada,806 110 7813,2023-09-14
C00276,19,user276@example.com,191945,USA,(763) 192-1260,2023-07-09
C00490,59,user490@example.com,198197,UK,(524) 511-5116,2023-10-21
C00098,-25,user1036@example.com,,Australia,197.714.6314,2023-03-25
C01230,42,user1230@example.com,56616,Australia,=1-314-804-2622,2023-08-14
C04600,35,,147595,USA,915.564.7576,2023-04-22
C01009,30,user1009@example.com,63722,Australia,=1-202-281-5819,2023-11-28
C04082,29,user name@domain.com,142255,Australia,358-138-1321,2023-08-22
C03144,51,user3144@example.com,139906,Canada,495 875 3248,2023-05-09
C03204,51,user3204@example.com,163316,Canada,(488) 714-8695,2023-08-19
C02123,79,user@.com,150209,UK,9997051069,2023-06-27
C04183,69,user name@domain.com,184912,UK,=1-532-731-9821,2023-05-12
C01059,250,user1059@example.com,155829,UK,990-603-2146,2023-08-20
C02167,45,user2167@example.com,66386,Canada,=1-830-256-3898,2023-12-03
C04113,0,user4113@example.com,115945,Canada,848-956-9806,2023-05-13
C01262,36,user4287@example.com,,USA,=1-776-361-9828,2023-03-06
C00282,34,user282@example.com,44122,USA,5598615444,2023-01-18
C04306,70,user4306@example.com,110021,USA,(102) 116-2032,2023-02-11
C01317,73,user1317@example.com,31881,USA,711 855 1131,2023-04-31
C04994,36,user4994@example.com,68032,Spain,707.529.9736,2023-04-29
C00969,-5,,161742,UK,946-805-9005,2023-11-23
C04641,73,user4641@example.com,31737,UK,(555) 573-8421,2023-08-15
C03945,36,,41353,USA,568-803-4523,2023-08-27
C03188,74,user3188@example.com,,Australia,209.103.4912,2023-10-01
C03542,58,,31168,Canada,=1-699-437-8422,2023-09-18
C00620,18,user620@example.com,90710,Canada,=1-714-533-2478,2023-01-01
C04604,,user4841@example.com,128273,Canada,473 935 1175,2023-06-02
C01743,36,user1743@example.com,162886,Canada,295.142.9520,2023-05-07
C01391,51,.user@domain.com,194957,Canada,3610575957,2023-01-15
C04075,63,,,Australia,699.165.9595,2023-09-30
C01848,19,user1848@example.com,110152,USA,682-180-3083,2023-03-16
C01580,26,user1580@example.com,61417,Australia,=1-539-231-7396,2023-02-18
C01656,57,,52908,Canada,669-893-6131,2023-07-04
C02353,28,user2353@example.com,86652,Canada,8085106052,2023-09-19
C02213,51,invalid-email,171382,Australia,659 290 1356,2023-11-12
C02021,62,user@domain..com,102684,Canada,3694168784,2023-12-13
C04988,47,,-50000,UK,8401739069,2023-02-12
,43,user1957@example.com,191050,USA,721-583-9592,2023-03-27
C01308,37,@domain.com,196375,Canada,781 372 2946,2023-09-12
C02004,57,user2004@example.com,98312,Canada,(128) 712-1651,2023-02-29
C04470,41,user4470@example.com,87196,USA,802.680.6578,2023-03-14
C00576,49,user576@example.com,111938,Australia,720.786.1745,2023-12-13
C02361,28,user@.com,,Australia,450.402.8285,2023-03-12
C04216,26,user4216@example.com,106870,USA,233 348 7054,2023-10-18
C04451,66,user4451@example.com,194760,Australia,,2023-09-31
C01707,54,user1707@example.com,71247,Mexico,(735) 816-7628,2023-09-12
C04557,71,user4557@example.com,68170,UK,(712) 191-7811,2023-04-01
C03493,250,user3493@example.com,176800,UK,=1-449-101-8881,2023-01-10
C00278,39,user1281@example.com,117438,USA,9771852156,2023-03-14
C00862,53,user862@example.com,115280,Canada,(163) 921-8240,2023-07-04
C04424,29,user4424@example.com,-50000,Canada,442.154.8299,2023-08-28
C01802,46,user1802@example.com,165994,UK,(623) 859-9956,2023-09-21
C01629,66,user1629@example.com,190497,USA,=1-946-998-9691,2023-01-14
C01994,48,user1994@example.com,171625,Australia,=1-693-620-7990,2023-07-21
C02640,57,invalid-email,50039,Canada,=1-683-184-6305,2023-11-03
C00270,66,user270@example.com,93761,USA,145 141 8711,2023-02-10
C00630,43,user630@example.com,160356,UK,625-210-9366,2023-01-24
C03082,71,user3082@example.com,161858,UK,488 867 6527,2023-06-01
C02335,28,,,UK,2590408851,2023-08-27
C02967,25,user2967@example.com,86633,Australia,465.446.2329,2023-09-26
C00301,23,user301@example.com,107960,Australia,735 476 2075,2023-10-25
C00460,34,user460@example.com,98368,Canada,500-369-9105,2023-04-11
C01448,23,user@@domain.com,106918,Australia,3497983389,2023-04-31
C01473,50,user1473@example.com,118535,Canada,345-388-3666,2023-02-19
C02047,79,user2047@example.com,,Canada,,2023-10-19
C04242,26,user4242@example.com,39479,Australia,(154) 308-9663,2023-12-31
C03789,76,user3789@example.com,164479,Australia,3204996671,2023-06-08
C02114,68,user@.com,93014,UK,=1-831-480-9509,2023-03-08
C00028,300,user28@example.com,142056,USA,188 608 4893,2023-09-26
C04713,77,user4713@example.com,138500,UK,682.174.3855,2023-09-28
,66,user4537@example.com,35972,Australia,385 770 4463,2023-12-29
C00838,30,user838@example.com,44955,USA,=1-846-901-5494,2023-02-16
C02303,45,user4212@example.com,148142,Canada,874 553 6569,2023-04-06
,56,,37697,UK,833-823-2965,2023-06-25
C04923,53,,55032,USA,(770) 651-1662,2023-09-12
C00504,44,user504@example.com,74814,India,597 673 8145,2023-08-05
C03228,72,user3228@example.com,39045,UK,=1-227-897-8578,2023-08-18
C04319,70,user4319@example.com,155580,Canada,=1-423-952-2600,2023-06-18
C00381,-10,user381@example.com,0,UK,8730413737,2023-01-24
C01852,18,user1852@example.com,99855,Canada,499.820.6863,2023-04-25
C01526,29,user1526@example.com,55901,UK,=1-132-715-7230,2023-09-08
C00501,61,user2366@example.com,142651,USA,6545740371,2023-08-25
C03250,47,user3250@example.com,-20000,UK,484 406 7121,2023-03-23
C03053,51,user3053@example.com,81272,USA,663.780.3698,2023-05-21
C02885,,user2885@example.com,48300,Australia,9619926628,2023-12-18
C02341,51,user2341@example.com,73129,UK,350 800 8268,2023-06-30
C00375,0,,134601,Canada,529.751.6832,2023-01-25
C04100,49,user4100@example.com,31620,USA,547.287.4455,2023-11-31
C00725,18,user@.com,189163,USA,6140827626,2023-05-21
C04324,47,user4324@example.com,,Australia,954 176 6429,2023-06-20
C00940,27,user940@example.com,41064,Canada,333.200.2942,2023-01-02
C02136,18,user3981@example.com,133002,UK,,2023-06-03
C04410,51,user4410@example.com,145080,Australia,364-440-1743,2023-07-03
C02800,39,,30215,USA,661 983 7688,2023-10-09
C02148,20,user2148@example.com,199439,Australia,7191825941,2023-02-22
C03842,22,user3842@example.com,62930,Canada,758 290 4890,2023-02-27
C04555,35,user4555@example.com,111029,UK,(235) 886-2163,2023-01-01
C04230,38,user4230@example.com,89238,USA,481-972-9247,2023-01-18
C02069,47,user2069@example.com,125961,USA,378-867-3025,2023-01-17
C00530,62,user530@example.com,129303,USA,,2023-01-27
C03755,41,user3755@example.com,-1000,Canada,6496700122,2023-01-03
,31,user637@example.com,141072,USA,701.841.8454,2023-12-25
C01270,43,user1270@example.com,103193,Canada,750.978.2424,2023-05-25
C00186,26,user186@example.com,117265,Canada,=1-331-103-7298,2023-09-11
C03843,46,user3843@example.com,103313,Canada,153.812.5412,2023-04-19
C03201,29,user3201@example.com,191897,UK,(906) 513-4393,2023-12-26
C03476,36,user3476@example.com,134234,UK,700-565-6699,2023-11-14
C01798,,user1798@example.com,177531,UK,=1-366-941-8194,2023-05-25
C02980,28,user2980@example.com,65398,Australia,124 785 7798,2023-06-21
C01442,70,user1442@example.com,40234,Australia,(401) 571-3361,2023-04-13
C04482,56,user4482@example.com,,Canada,(121) 102-7432,2023-11-29
C04890,58,user4890@example.com,108858,Australia,=1-761-491-4151,2023-01-25
C01536,77,user1536@example.com,154206,Canada,(303) 457-7866,2023-08-02
C03465,25,user3465@example.com,107360,Australia,,2023-06-26
C01274,76,user1274@example.com,160956,Canada,=1-158-186-5683,2023-06-14
C02468,68,user2468@example.com,33729,Australia,885-800-8060,2023-10-16
C00608,75,user608@example.com,156155,Australia,849.851.3118,2023-03-03
C03170,70,user3409@example.com,115092,Australia,(142) 137-8420,2023-11-31
C01713,25,user1713@example.com,102055,Canada,(615) 817-8811,2023-12-15
C02200,30,user@,174101,Canada,7158353462,2023-07-07
C00956,,user956@example.com,185195,Australia,242.691.3102,2023-02-11
C02580,39,user2580@example.com,41772,,226 843 3487,2023-03-29
C03922,37,,175364,USA,394.314.2140,2023-07-21
C04440,52,user4440@example.com,30453,UK,4018061455,2023-03-04
C03607,38,user3607@example.com,,Spain,=1-763-165-7548,2023-07-07
C04490,62,user4490@example.com,189912,Australia,1641889887,
C00404,46,user404@example.com,167686,,144.167.5942,2023-04-23
C02072,35,user2072@example.com,123715,Australia,178-175-9265,2023-04-04
C04771,77,@domain.com,94280,USA,773 545 5063,2023-01-28
C01978,67,user1978@example.com,71486,Australia,532 462 3088,2023-11-30
C00124,51,user159@example.com,123574,USA,=1-206-801-8306,2023-10-14
C01749,18,user1749@example.com,-50000,USA,=1-671-780-3664,2023-11-28
C02910,23,user2910@example.com,63302,USA,609-501-3593,2023-06-17
C04981,46,user4981@example.com,-10000,UK,(331) 834-3496,2023-05-31
C00903,23,user@@domain.com,191147,Australia,,2023-08-24
C00353,48,user353@example.com,142492,Australia,(312) 410-8776,2023-09-03
C01231,-5,user1231@example.com,198171,UK,,2023-07-09
C04686,44,user4686@example.com,179328,Canada,305 432 8251,2023-11-13
C02141,59,user2141@example.com,121404,Canada,7320856459,2023-05-28
C00445,51,user445@example.com,,Germany,(410) 736-2578,2023-10-14
,43,user4964@example.com,146082,UK,929.283.5426,2023-04-18
C00755,56,user755@example.com,185489,Australia,412-390-4532,2023-10-04
C01738,40,user1738@example.com,163195,USA,(486) 754-2768,2023-07-24
C02972,35,user2972@example.com,,USA,(559) 262-2888,2023-01-26
C04995,74,user4995@example.com,0,Canada,8270430884,2023-07-09
C01870,32,user2921@example.com,131010,USA,=1-224-713-3120,2023-03-31
C00312,250,user@,93227,USA,,2023-09-24
C00549,75,user549@example.com,,China,277.803.6367,2023-01-24
C04077,35,,70733,USA,132-158-5358,2023-07-27
C04777,999,user4777@example.com,51577,UK,692.561.5670,2023-08-12
C01990,300,user1990@example.com,119745,Australia,428 549 3895,2023-05-19
C00307,73,user307@example.com,49710,Canada,5392421278,2023-06-27
C02336,75,user2336@example.com,-1000,UK,4922193193,2023-09-30
C00695,78,user@,153030,Australia,(762) 472-6482,2023-09-29
C02357,64,user2357@example.com,180952,Canada,772 447 3325,2023-02-06
C01335,27,user1928@example.com,103034,UK,284 364 5524,2023-03-13
C00685,49,user685@example.com,191015,USA,888-998-5382,2023-03-04
,52,,137237,Canada,223-478-5744,2023-09-13
C04578,29,user4578@example.com,119402,Australia,(564) 294-3121,2023-07-22
C01267,54,user1267@example.com,199302,UK,462 917 8678,invalid-date
C03900,-100,,173233,UK,915.987.6199,2023-00-15
C03552,0,user3552@example.com,60270,USA,1580757526,2023-07-16
C04438,57,,170824,UK,9342671082,2023-08-20
C04009,49,user4009@example.com,129108,UK,=1-206-253-5621,2023-07-25
C03047,56,user3084@example.com,152784,Australia,417.665.8392,2023-03-03
C03062,52,user3062@example.com,107004,Canada,(173) 811-6022,2023-06-31
C03026,41,user3026@example.com,165895,USA,522 279 1217,2023-07-24
C00971,45,user971@example.com,108542,USA,390 310 4818,2023-04-18
C00014,28,user14@example.com,169316,USA,(298) 438-6536,2023-08-24
C00874,36,user874@example.com,171871,USA,=1-229-752-9337,2023-12-29
C00809,33,user809@example.com,114774,UK,815 225 3288,2023-04-11
C00143,0,user3199@example.com,155865,Australia,721 310 7110,2023-06-03
C00515,56,user@,34173,Australia,634-780-9605,2023-01-07
C04487,28,user4487@example.com,195390,Canada,361.233.7408,2023-04-26
C00410,52,user410@example.com,79976,Canada,=1-683-169-2623,2023-04-13
C03430,77,user3430@example.com,123122,Australia,425.226.3992,2023-03-11
,61,user4357@example.com,63123,India,823.192.3260,2023-08-22
C00208,46,user208@example.com,76473,USA,137-853-3319,2023-05-16
C03245,62,user3245@example.com,114523,Australia,905.720.7638,2023-07-27
C00459,66,,,UK,=1-974-260-9301,2023-06-21
C03494,41,user3494@example.com,168069,USA,,2023-01-01
C02431,37,,,UK,518-462-3292,2023-08-26
C03682,44,user3682@example.com,198003,Canada,428-863-4487,2023-11-12
C00111,77,,152118,Australia,463 331 4044,2023-12-30
C03771,47,user3771@example.com,73481,UK,309-969-3691,2023-11-20
C04069,25,user4069@example.com,,UK,130 309 2974,2023-02-03
C01884,52,user1884@example.com,150617,UK,=1-770-350-5790,2023-03-31
C00344,51,user1714@example.com,132266,Australia,2024862905,2023-03-07
C03983,38,user3983@example.com,47948,UK,571-168-6683,2023-03-09
C04003,77,user4003@example.com,126261,USA,2068046073,2023-03-19
C00553,75,user553@example.com,116610,USA,=1-762-726-4747,2023-05-25
C01440,19,user1440@example.com,,Australia,671.585.3188,2023-14-01
C02271,58,user2271@example.com,194744,Canada,465.527.1287,2023-01-22
C03145,40,user3145@example.com,147409,Canada,445 193 9022,2023-01-01
C02822,63,user2822@example.com,161300,USA,410.203.3618,2023-05-03
C04797,29,.user@domain.com,189541,USA,(854) 995-6828,2023-10-16
C01926,78,user1926@example.com,71777,Canada,693-181-5529,2023-06-31
C00635,74,user635@example.com,33849,USA,,2023-02-01
C04821,49,user4821@example.com,,Canada,8990165764,2023-04-13
C00101,28,user317@example.com,188485,Canada,(908) 366-4715,2023-12-19
C04231,52,user4231@example.com,-1000,Canada,646.916.9471,2023-10-30
C04715,66,user4715@example.com,141266,UK,188.538.5385,2023-08-07
C01329,61,user1329@example.com,111972,Australia,985-152-7231,2023-02-02
C00428,65,user428@example.com,123526,USA,790-603-2723,2023-06-28
C03439,59,user3439@example.com,104499,USA,588-143-8687,2023-04-20
C00106,65,user106@example.com,137692,UK,(838) 598-8155,2023-11-28
C03042,0,user3042@example.com,0,UK,(933) 788-9102,2023-03-22
C00143,34,user143@example.com,181379,Canada,271-575-7533,2023-03-06
,20,user2170@example.com,,Australia,199.978.9914,2023-04-07
C03351,33,,,Canada,251.143.3299,2023-04-13
C00090,79,user90@example.com,84120,USA,(310) 797-6187,2023-06-30
C02919,65,user2919@example.com,108863,Canada,5976159420,2023-04-17
C03238,,user name@domain.com,43440,Australia,2066074462,2023-07-10
C02242,60,user2242@example.com,,Australia,725-713-7523,2023-12-24
C03175,47,user3175@example.com,,USA,(902) 198-7934,2023-09-11
C03434,58,user3434@example.com,123246,USA,2277950614,2023-11-06
C02164,73,user2164@example.com,37008,USA,=1-747-565-9033,2023-12-11
C02637,20,user2637@example.com,117029,Australia,249.833.6573,2023-09-19
C01950,42,user1950@example.com,88741,Australia,=1-829-452-4520,2023-13-01
C01769,52,user1769@example.com,138297,Canada,=1-743-572-9942,2023-02-01
C04863,36,user4863@example.com,132062,Australia,5932073933,2023-04-09
C02273,500,user2273@example.com,79556,USA,=1-214-465-1599,2023-10-23
C00002,69,,68333,USA,=1-846-747-9154,2023-06-19
C02390,29,user3304@example.com,141776,China,4819542354,2023-10-09
C04973,25,user4973@example.com,33190,Canada,=1-494-789-4339,2023-07-31
,32,user1952@example.com,59092,,4119261951,2023-02-06
C00936,40,user936@example.com,85480,Australia,(552) 339-5351,2023-02-22
C04311,47,user4311@example.com,88466,USA,660-185-5841,2023-00-15
C02721,29,user2721@example.com,45386,Canada,=1-951-142-4081,2023-01-13
C03509,68,user3509@example.com,135364,Canada,1921415412,2023-10-02
C01110,27,user1110@example.com,106312,Canada,,2023-10-28
C03041,63,user3612@example.com,81962,Canada,(529) 874-3138,2023-11-24
C00592,999,user@domain.,,USA,267.822.8653,2023-01-07
C01696,74,user1696@example.com,85468,USA,(254) 506-9227,2023-08-06
C03472,77,.user@domain.com,137422,Canada,2241558681,2023-02-07
C02937,60,user2937@example.com,124598,Australia,5308080826,2023-11-13
C04218,77,user4218@example.com,154357,UK,(974) 748-4019,2023-14-01
C04770,-5,user4770@example.com,95131,Canada,=1-502-457-5615,2023-05-12
C00193,32,,92901,Australia,,2023-03-06
C03979,23,user3979@example.com,33320,Australia,162 917 1662,2023-08-28
C00214,68,user214@example.com,104218,Canada,216-609-4613,2023-09-24
C00601,76,user779@example.com,-20000,Canada,491.363.2491,2023-12-11
C01416,21,user1416@example.com,176621,Canada,144-719-3475,2023-03-12
C03784,72,,139236,UK,541-382-5665,2023-01-09
C02044,79,user2044@example.com,157775,Australia,397-374-9314,2023-01-13
C02849,48,user2849@example.com,122850,Australia,3463819175,2023-02-28
C04946,62,user4946@example.com,175764,USA,(117) 412-2047,2023-02-08
C03528,25,user3528@example.com,34137,USA,(235) 402-8550,2023-06-26
C03838,52,user3838@example.com,134672,UK,=1-609-835-3521,2023-01-13
C01568,53,user1568@example.com,35898,Australia,227 459 8601,2023-11-19
C00166,54,user166@example.com,0,USA,812-288-5150,2023-05-11
C04730,58,user4730@example.com,85556,Germany,679-635-8775,2023-09-04
C03608,79,user3608@example.com,56128,UK,348.258.2073,2023-06-12
C04942,200,user@domain.,136718,Canada,=1-545-841-3118,2023-06-13
C00914,31,user1344@example.com,,Canada,2185183112,2023-07-27
C02014,46,user2014@example.com,166132,UK,5614299531,2023-09-18
C00274,,user274@example.com,153765,Australia,=1-871-112-7662,2023-10-09
C00072,19,user72@example.com,108356,Australia,669.765.2162,Jan 1 2023
C03912,67,user3912@example.com,77779,Canada,=1-855-286-2644,2023-07-22
C01088,51,user name@domain.com,141603,UK,9837774039,2023-01-06
C00395,57,user395@example.com,191980,USA,4498569163,2023-01-23
C00584,33,user584@example.com,164837,USA,145.230.9179,2023-05-01
C01368,54,@domain.com,72933,USA,,2023-03-25
C03888,31,user3888@example.com,198001,UK,674 161 3156,invalid-date
C01791,-100,user4658@example.com,104099,USA,,2023-11-01
C02549,77,user2549@example.com,60734,UK,290.361.6586,2023-04-22
C01014,18,user1014@example.com,57216,USA,6223395333,2023-04-04
C04913,18,user4913@example.com,,UK,985.887.7725,2023-01-01
C03004,62,user3004@example.com,176702,USA,(611) 837-7366,2023-06-28
C04804,22,user4804@example.com,164365,China,925 180 4578,2023-11-30
C04025,45,,166149,Australia,(317) 966-1443,2023-07-28
C03555,71,user3555@example.com,67879,Canada,=1-656-175-4956,2023-05-28
C01764,47,user1764@example.com,167854,USA,711.418.3839,2023-01-31
C01876,22,user1876@example.com,55491,UK,220 730 7024,2023-01-13
C01260,25,user1260@example.com,195129,Canada,803-625-3547,2023-01-12
C04545,19,user4545@example.com,63798,UK,7180057171,2023-01-13
C02254,47,user2254@example.com,156700,Canada,264-426-3109,2023-04-24
C02782,62,user2782@example.com,123348,USA,7940878005,2023-06-30
C03617,28,user3617@example.com,83144,UK,(463) 868-7122,2023-07-12
C00527,24,user527@example.com,69194,Australia,760-720-1570,2023-04-13
C03443,500,user3443@example.com,49177,Australia,4488579543,2023-10-21
C01287,68,user2947@example.com,199178,Australia,367.309.3360,2023-08-19
C00378,0,user378@example.com,,Canada,=1-298-884-4002,2023-11-11
C01560,28,user1560@example.com,181388,Australia,4680775250,2023-06-23
C03845,37,user3845@example.com,48316,USA,490 845 6437,2023-01-10
C01964,40,user1964@example.com,35543,Canada,460-673-9284,2023-11-29
C04748,38,user4748@example.com,80539,China,243-530-8606,2023-12-11
C00349,74,user349@example.com,93811,UK,(845) 554-7809,2023-09-04
C02435,65,,82349,Australia,952.482.1387,2023-08-19
C02247,300,user2247@example.com,58926,Canada,(391) 418-7337,2023-06-06
C04180,0,user4180@example.com,121038,UK,523.629.2713,2023-01-11
C01710,50,user1710@example.com,165624,Australia,310 275 4335,2023-03-14
C01051,48,user1051@example.com,-5000,Australia,9063079139,2023-03-23
C00591,34,user591@example.com,119116,Australia,(287) 136-8704,2023-10-02
C00520,52,user520@example.com,,UK,323 247 2750,2023-02-17
C04508,45,user4508@example.com,125310,UK,(179) 361-8568,2023-08-18
C04443,37,user4443@example.com,117362,Australia,,2023-05-05
C02478,71,user2478@example.com,33159,Brazil,,2023-08-26
C01084,77,user1084@example.com,58302,Canada,139 227 7304,2023-12-23
C03613,24,user3613@example.com,120054,USA,839.842.9656,2023-02-15
C04794,71,user4794@example.com,84703,USA,490.165.3431,2023-02-02
C04524,35,user4524@example.com,101185,USA,669 629 1728,2023-03-09
C01295,72,user1295@example.com,66683,Canada,463 109 2660,2023-11-05
C01810,38,user1810@example.com,42205,Australia,=1-410-134-8282,2023-04-19
C00792,48,user792@example.com,158128,UK,666 516 2072,2023-02-24
C00793,69,user793@example.com,32187,Australia,129 517 4829,2023-04-15
C04128,55,user4128@example.com,58036,Australia,(714) 786-7938,2023-05-02
C01856,68,user1856@example.com,50323,UK,733 158 9944,2023-01-18
C04773,57,user4773@example.com,,UK,863.326.6036,2023-09-06
C01981,46,user1981@example.com,192971,USA,944.444.2765,2023-11-29
C03234,39,user3234@example.com,172355,USA,(271) 149-8685,2023-02-02
C03933,74,user3933@example.com,55523,Canada,,2023-11-17
C03407,62,user3407@example.com,41831,USA,8605695669,2023-01-08
C03329,0,user3329@example.com,170537,Canada,2218469455,2023-09-21
C01531,35,user1531@example.com,154997,Canada,245-170-5487,2023-09-26
C01411,36,user1411@example.com,,USA,(461) 771-5699,2023-01-09
C04309,57,user4309@example.com,181462,Australia,,2023-02-03
C04664,51,user4664@example.com,0,USA,=1-460-947-4493,2023-06-08
C00084,34,user name@domain.com,96914,Australia,=1-211-801-7208,2023-12-04
C00869,71,user869@example.com,166690,USA,=1-734-203-6564,2023-02-05
C02351,46,user2351@example.com,90610,Canada,931.507.1653,2023-07-09
C00021,39,user21@example.com,104763,Australia,=1-801-439-6793,2023-10-14
C04358,50,user4358@example.com,124346,Australia,,2023-00-15
C02796,49,user2796@example.com,159553,Canada,781.508.3180,2023-09-02
C04587,38,user4587@example.com,61007,Australia,9953440827,2023-05-11
C01563,63,user1563@example.com,60266,USA,608-867-9924,2023-07-26
C03094,43,user3094@example.com,50085,USA,303-593-8966,2023-12-29
C03156,48,user3156@example.com,111268,Brazil,695 632 3841,2023-01-04
C00974,30,user974@example.com,182711,Australia,275-434-7731,2023-08-08
C01711,45,user1711@example.com,170489,UK,,2023-09-19
C03202,-5,,,UK,(421) 461-7637,2023-10-15
C04006,52,user4006@example.com,154481,Australia,489 445 4414,2023-06-28
C04835,74,user4835@example.com,137800,USA,510.687.2766,2023-02-30
C00418,41,user1099@example.com,194759,UK,(949) 537-5143,2023-07-18
C04175,38,user4175@example.com,59483,UK,=1-651-686-9955,2023-11-07
,300,user2845@example.com,92894,USA,559.543.6529,2023-05-06
C00887,78,user887@example.com,166198,USA,449-293-8794,2023-07-14
C04947,78,user4947@example.com,43334,UK,391-267-5144,2023-08-15
C03703,37,user3703@example.com,167202,USA,=1-926-269-7600,2023-12-29
C04595,55,user4595@example.com,118290,UK,823-954-6993,2023-11-24
C03590,66,user3590@example.com,52486,Australia,(916) 375-9383,2023-13-01
C04416,40,user4416@example.com,35796,USA,=1-161-515-5472,2023-02-05
C00516,46,user516@example.com,139369,Australia,608.192.4900,2023-05-31
C04636,45,user@domain..com,66113,Australia,215-609-4178,2023-08-07
C00738,53,user738@example.com,180368,USA,163-535-3130,2023-04-31
C01454,59,,86889,Australia,9369885242,2023-03-29
C03996,56,user3996@example.com,109732,Canada,(261) 220-8542,2023-10-10
C04716,999,user4716@example.com,56739,Canada,179-679-6606,2023-04-15
C02507,67,user2507@example.com,75201,Mexico,244-967-5079,2023-01-01
C02995,53,user2995@example.com,118095,Australia,496-923-2748,2023-09-07
C02127,23,user2127@example.com,31466,USA,=1-846-413-7017,2023-06-13
C02927,40,user2927@example.com,73880,USA,749.587.5596,2023-02-06
C04761,52,user4761@example.com,39505,India,2537999481,2023-02-29
C00907,49,user907@example.com,81831,UK,770 906 2818,2023-08-28
C03672,49,user3672@example.com,180939,UK,(632) 648-7672,2023-06-07
C01031,27,user1031@example.com,,Canada,(167) 773-5562,2023-11-18
C01609,32,user@domain..com,89251,UK,(678) 109-3096,2023-03-15
C02429,79,user2429@example.com,58379,Australia,415 535 7447,2023-12-21
C00948,70,user948@example.com,188018,USA,,2023-05-26
C03831,34,@domain.com,103181,USA,=1-511-558-7397,2023-03-29
C04092,57,user4092@example.com,103169,UK,754 329 2066,2023-01-28
,52,user716@example.com,88671,USA,759 310 9919,2023-05-02
C04564,23,user4564@example.com,107926,UK,266 254 2329,2023-12-26
C00687,37,invalid-email,,UK,=1-785-206-1826,2023-11-04
C00704,27,user704@example.com,35039,USA,523 519 8516,2023-09-09
C03342,26,user3342@example.com,174587,USA,5440292367,2023-07-31
C02354,69,user2354@example.com,95524,Canada,906 227 2697,2023-02-01
C02258,53,user2258@example.com,39927,USA,364 859 2899,2023-01-30
,57,user3574@example.com,140084,UK,6812537378,2023-10-22
C00474,66,user474@example.com,115774,USA,812-580-1364,2023-03-30
C00022,70,,173309,Spain,252-387-1510,2023-07-19
C02753,66,user2753@example.com,61105,Australia,(188) 668-9158,2023-05-05
C00886,25,no-dot@com,45810,UK,4901978733,2023-08-24
C02449,38,user2449@example.com,90973,USA,5672946587,2023-06-23
C00918,53,user918@example.com,41676,UK,(844) 183-8711,2023-03-13
C03782,72,user3782@example.com,129340,Canada,=1-430-148-3307,2023-04-10
C04442,62,user4442@example.com,152872,Australia,7962066857,2023-02-24
C02240,24,user2240@example.com,168442,Australia,,2023-07-22
C03869,77,user3869@example.com,152002,UK,4575118400,2023-01-01
C03396,27,user3396@example.com,188177,USA,464-907-2507,2023-10-25
C01078,58,user1266@example.com,115103,UK,,2023-07-24
C00385,49,,-5000,Germany,9996812354,2023-01-19
C04352,0,user4352@example.com,87676,Australia,115 409 2288,2023-05-13
C02964,130,user2964@example.com,142224,Australia,165 169 3292,2023-08-11
C01220,60,user1220@example.com,196251,USA,140-231-4378,2023-03-13
C00278,66,user278@example.com,55372,UK,3506801119,2023-10-19
C00384,76,user989@example.com,154168,UK,355 283 8079,2023-01-12
C02085,41,user2085@example.com,84383,Canada,=1-831-210-8409,2023-10-24
C01246,37,user1246@example.com,42453,Australia,800-661-7664,2023-09-14
C02383,75,user2383@example.com,80494,Australia,570 683 1199,2023-10-31
C00572,56,user572@example.com,61802,Canada,809.507.4476,2023-08-01
C01436,999,user1436@example.com,88160,UK,694-832-7911,2023-09-10
C00994,50,user994@example.com,138944,Canada,782.168.4559,2023-06-10
C03474,41,user3474@example.com,149975,UK,386.281.7982,2023-05-09
C03956,-1,user3956@example.com,77636,UK,225 600 8586,2023-09-28
C00586,,user586@example.com,111486,USA,997.369.5321,2023-12-21
C03683,19,user3683@example.com,185086,UK,279-886-4581,2023-08-18
C02515,28,user2515@example.com,132552,Australia,,2023-03-02
,30,user1350@example.com,150062,Canada,842.585.4309,2023-08-06
C01008,66,user1008@example.com,68712,USA,,2023-12-24
C00675,22,user675@example.com,112289,UK,3073995755,2023-10-27
C02413,20,user2413@example.com,99322,USA,=1-581-607-3672,2023-09-14
C02904,20,user2904@example.com,,Australia,490.991.3447,2023-09-03
C00308,50,user448@example.com,87615,UK,777.609.9032,2023-06-30
C03495,34,user3495@example.com,159526,Australia,8577019017,2023-12-19
C03783,66,user3783@example.com,40024,Canada,401 622 1704,2023-09-01
C03728,57,user3728@example.com,112428,Australia,=1-792-250-8113,2023-01-11
C00360,43,user360@example.com,121328,Canada,954.699.5979,not-a-date
C01401,20,user2065@example.com,80519,Canada,136-965-1328,2023-14-01
C04464,59,user4464@example.com,134647,UK,999-319-8019,2023-02-24
C03208,,user3835@example.com,-1000,Australia,9475505437,2023-07-13
C01691,67,user1691@example.com,127137,Brazil,1473301871,2023-03-10
C04341,79,user4341@example.com,,UK,3429889433,2023-07-28
C00523,45,user1549@example.com,164855,Australia,813 659 3721,2023-12-18
C01248,0,user1248@example.com,179335,Australia,441.896.5476,2023-08-20
C01986,56,user1986@example.com,123076,UK,875.588.3205,2023-04-31
C00295,79,,192384,UK,461.373.9250,2023-09-31
C01548,66,user1548@example.com,63776,UK,323-863-4074,2023-06-15
C02013,21,user2013@example.com,39615,Australia,922.180.4644,2023-12-09
C00589,-1,user589@example.com,152332,Canada,=1-973-773-8208,2023-02-04
C03330,42,user3330@example.com,33326,USA,972 446 3667,2023-11-12
C02404,500,user2404@example.com,96677,UK,837-553-4191,2023-03-04
C02130,71,user2130@example.com,95911,Spain,706-256-2687,2023-08-22
C04403,29,user@,177531,Canada,=1-668-686-4495,2023-03-20
C00001,69,user2411@example.com,125345,UK,,2023-07-27
C02720,54,,100990,UK,4001759769,2023-01-01
C04569,0,,136732,USA,339 817 7455,2023-05-01
C00261,34,user426@example.com,187636,USA,(977) 171-8793,2023-11-08
C02583,73,user2583@example.com,,Australia,=1-418-636-2681,2023-11-28
C01055,75,,197031,Australia,348.310.9836,2023-09-22
C03991,51,,79434,Australia,690-525-8702,2023-05-17
C04577,79,user4577@example.com,79111,Canada,762.719.7175,2023-06-29
C00557,69,user557@example.com,67327,Brazil,=1-366-252-2459,2023-08-23
C04373,40,user4373@example.com,89557,Canada,,2023-03-16
C04051,76,user4051@example.com,71256,Spain,,2023-04-07
C04728,22,,37642,UK,=1-513-573-9715,2023-07-01
C02470,0,user2470@example.com,148222,Australia,2419183659,2023-11-18
C04726,39,user4726@example.com,69220,Canada,(414) 175-4306,2023-07-09
C00102,52,user356@example.com,,,279 669 8571,2023-01-29
C01194,66,user1194@example.com,135686,USA,843.976.2670,2023-05-14
C01717,41,user1717@example.com,164794,Australia,782-585-8011,2023-14-01
C03417,66,user3417@example.com,103948,Canada,739-930-1532,2023-08-31
C02605,-10,,125865,Canada,=1-631-991-7268,2023-11-19
C04669,55,user4669@example.com,0,USA,394-472-8760,2023-11-22
C02829,130,user2829@example.com,197619,USA,(490) 584-7215,2023-09-17
C01705,250,user1705@example.com,33164,USA,689-372-4911,2023-13-01
C02676,,,189132,USA,(696) 741-8549,2023-06-27
C02619,-50,user2619@example.com,161965,USA,354.383.8307,2023-07-02
C02401,63,user2401@example.com,114573,Australia,,2023-07-06
C02140,76,user2140@example.com,182271,Canada,=1-926-550-7969,2023-12-21
C02417,64,user3240@example.com,76501,UK,239 100 5705,2023-08-27
C02384,77,user2384@example.com,133864,Australia,6164826959,2023-03-02
C03219,18,,190212,Canada,252 400 3320,2023-02-24
C03769,62,user3769@example.com,107994,UK,(453) 510-2781,2023-07-20
C01286,65,,116694,UK,215.446.5092,2023-03-28
C03821,67,,123860,Australia,(229) 138-6421,2023-10-03
C03865,71,user3865@example.com,85182,Australia,=1-369-495-6314,2023-07-05
C04483,30,user@domain..com,158588,Canada,569 486 3575,2023-12-18
C02088,76,user2088@example.com,158674,UK,=1-211-758-6089,2023-05-24
C01890,62,,40068,USA,9130280665,2023-01-23
C03529,57,,59992,China,777-560-4696,2023-08-04
C01592,43,user1592@example.com,195289,Australia,749 746 6867,2023-01-03
C01347,79,user1347@example.com,125408,Australia,700-770-4120,2023-13-01
C04446,30,user4446@example.com,129122,UK,(286) 548-6140,2023-08-14
C02163,58,user2163@example.com,76546,USA,9278870900,2023-13-01
C02397,33,user2397@example.com,155849,UK,(349) 699-8819,2023-06-17
C03668,18,user3668@example.com,199357,Australia,,2023-02-23
,34,user2272@example.com,178725,Australia,432 404 1583,2023-12-04
C04505,62,user4505@example.com,107462,Brazil,(963) 346-7866,2023-05-04
C03112,58,user@.com,132489,UK,=1-369-589-2094,2023-11-19
C01138,33,user1138@example.com,,USA,=1-596-509-2333,2023-02-24
C03920,73,user3920@example.com,58036,Canada,1027339118,2023-09-22
C00973,46,user973@example.com,122067,Australia,158 477 9495,2023-09-05
C00796,64,user796@example.com,182297,Australia,681.516.8306,2023-01-01
C03021,75,user3021@example.com,62167,Australia,=1-811-670-5475,2023-09-10
C01712,64,user1712@example.com,98207,UK,1013343914,2023-01-09
C03388,19,user3388@example.com,99444,Germany,883-395-6070,2023-10-01
C00037,42,user37@example.com,92551,Australia,(841) 137-8526,2023-02-17
C00454,78,user454@example.com,108077,Canada,=1-775-981-5965,2023-12-22
C00914,38,user914@example.com,55963,Australia,881-730-4098,2023-06-25
C04103,60,user4103@example.com,,USA,(541) 968-3286,2023-01-04
C01200,73,user1200@example.com,76830,USA,(134) 221-4946,2023-04-02
C01275,-100,user@domain.,100744,Canada,=1-604-927-1175,2023-08-02
C02376,23,user2376@example.com,-50000,USA,6902842342,2023-09-14
C00038,66,,183512,UK,830 985 9558,2023-04-26
C00975,63,user975@example.com,177705,Canada,260 213 3115,2023-01-28
C03196,56,user3196@example.com,30882,Canada,7406028880,2023-11-16
C00984,19,user984@example.com,150018,Canada,682.602.8539,2023-09-09
C03929,43,user3929@example.com,50750,Australia,856 108 2472,2023-09-12
C04094,,user4094@example.com,,Canada,7075558807,2023-11-09
C01419,59,user1419@example.com,46061,Australia,(783) 803-5940,2023-01-31
C03333,28,,145819,USA,,2023-04-12
C01561,40,,106996,UK,925-957-2700,2023-07-23
C00040,76,user40@example.com,110811,UK,4744675014,2023-09-28
C01487,64,user1487@example.com,137524,Canada,700 989 1612,2023-06-05
C03908,60,user3908@example.com,148972,USA,989.424.2134,2023-09-03
C00170,39,user170@example.com,167227,Spain,265.899.2212,2023-04-31
C01356,73,invalid-email,59437,USA,=1-615-909-1358,2023-10-02
C02786,59,user2786@example.com,160744,UK,329.247.5699,2023-12-16
C03657,54,user@,182483,Canada,9194526349,2023-03-17
C01245,51,user4764@example.com,158303,UK,=1-577-836-1130,2023-13-01
C04029,58,user4029@example.com,50002,Spain,336 670 9107,2023-06-31
C02683,22,user2683@example.com,177646,USA,6377359759,2023-08-24
C04720,79,user4720@example.com,196353,UK,660 608 6861,2023-02-22
C04050,42,user4050@example.com,104854,Canada,925-854-7759,2023-03-25
C01641,47,user1641@example.com,83822,Canada,9911302073,2023-05-07
C01291,79,user@@domain.com,189450,USA,574-732-8999,2023-12-07
C01381,22,user1381@example.com,121911,Australia,8103123072,not-a-date
C01934,79,invalid-email,33009,Canada,,2023-05-27
C00580,52,user580@example.com,114526,UK,273.615.9074,2023-03-12
C04234,70,user4234@example.com,68445,Canada,=1-628-505-8883,2023-01-21
C03161,59,user3161@example.com,130435,Australia,351.501.8935,2023-10-19
C02031,76,user2031@example.com,53382,USA,=1-489-746-4845,2023-01-01
C00893,45,user@domain..com,173888,Canada,6283986629,2023-01-01
C03976,51,user3976@example.com,149156,Australia,800.315.7098,2023-12-14
C00781,66,,196601,Spain,247.287.5187,2023-02-28
C00160,50,user160@example.com,181519,India,324.842.5641,2023-06-06
,46,user@@domain.com,,Canada,927 284 4812,2023-02-05
C02264,56,user2264@example.com,70696,Australia,445-824-5224,2023-01-25
C03217,74,user3217@example.com,-20000,UK,730-812-1820,2023-06-17
C02110,37,user2110@example.com,148920,Australia,,2023-01-11
C00850,36,user850@example.com,140107,Australia,8256557537,2023-10-04
C02738,,,186536,UK,=1-784-364-7927,2023-05-01
C02467,39,,,Australia,687-579-4127,2023-06-23
,71,user3721@example.com,172692,Canada,=1-325-433-6927,2023-11-20
C03675,60,user3675@example.com,,UK,909 861 1759,2023-03-06
C01597,-50,,73618,Spain,247-742-1379,2023-10-06
C01777,47,,158447,Canada,(694) 624-7113,2023-07-25
C01914,61,user1914@example.com,196494,Canada,266.490.8656,2023-01-07
C01044,79,user1044@example.com,177616,Canada,(121) 731-3032,2023-09-11
C04729,54,user4729@example.com,109971,USA,=1-762-564-7651,2023-09-09
C01545,54,user1545@example.com,171449,UK,7040384625,2023-02-12
C02737,31,user2737@example.com,188029,USA,(245) 713-5033,2023-10-16
C04620,-25,user4620@example.com,190131,UK,1839293859,2023-11-09
C04633,56,user4633@example.com,-20000,USA,4849412401,2023-07-15
C00054,74,user54@example.com,92368,Australia,727.446.9856,2023-01-26
C01797,60,user1797@example.com,130649,UK,,2023-10-21
C03589,63,user3589@example.com,54502,Australia,=1-225-341-7766,2023-11-31
C01912,54,user1912@example.com,142025,UK,,2023-11-17
C02307,27,user2307@example.com,42720,Australia,9525283313,2023-01-28
C02554,71,,-10000,Canada,(196) 332-8494,2023-03-16
C02801,64,user2801@example.com,135603,Canada,759.414.4498,2023-05-05
C00361,,user937@example.com,199831,UK,5620905678,2023-03-19
C04141,51,user4141@example.com,89025,Canada,(399) 755-1740,2023-08-11
C00825,28,user825@example.com,36968,Australia,573-479-4161,2023-01-26
C04749,63,user4749@example.com,52936,Canada,413 416 9925,2023-12-20
,0,user3179@example.com,94016,Canada,(733) 718-5370,2023-02-24
C03402,18,user@.com,32637,USA,(590) 875-6757,2023-09-03
C00329,26,user1390@example.com,195596,UK,266.281.7458,2023-10-12
C03565,28,user3565@example.com,109380,UK,268 797 5527,2023-03-08
C04892,52,user4892@example.com,67493,UK,1839674756,2023-04-22
C00885,45,user885@example.com,160841,Australia,452 300 4282,2023-06-01
C03830,23,user3830@example.com,175188,Canada,465-283-4854,2023-09-30
C01608,41,,79223,Australia,1135078768,2023-01-31
C01595,19,,104960,UK,8671018609,2023-05-03
C00772,66,user772@example.com,106709,USA,=1-119-223-9713,2023-10-22
C02612,77,.user@domain.com,,Australia,508-932-8074,2023-10-27
C03879,61,user3879@example.com,101743,Australia,,2023-06-24
C02274,48,user2274@example.com,153723,Canada,=1-856-505-5073,2023-10-03
C01869,71,user1869@example.com,174933,Canada,410 900 4731,2023-05-22
C01086,55,user1086@example.com,,USA,889.869.6711,2023-06-15
C00011,36,user11@example.com,134859,USA,618.663.6307,2023-11-14
C03636,68,user name@domain.com,64812,Australia,(948) 638-5222,2023-07-14
C01326,43,user1326@example.com,96981,USA,(223) 235-7574,2023-03-22
C03391,38,user@domain.,173029,UK,345-167-5424,2023-12-18
C01464,53,user@domain..com,193623,Canada,=1-486-228-4471,2023-08-13
C00807,70,user807@example.com,111257,UK,,2023-11-01
C03760,48,user3760@example.com,154647,UK,5884207222,2023-11-18
C04010,24,user@,188099,Canada,(202) 192-5660,2023-03-25
C03796,-10,user3796@example.com,159753,UK,987 946 4795,2023-01-13
C02109,150,user2109@example.com,86396,Canada,403-220-8134,2023-03-10
C04640,54,user4640@example.com,69029,USA,996.859.3418,2023-01-23
C04972,20,user4972@example.com,121244,USA,=1-311-993-9218,2023-05-22
C02235,59,user@@domain.com,54495,Canada,4938269146,2023-03-25
C03212,-25,user3212@example.com,156218,USA,475.366.8840,2023-01-01
C00964,71,user@@domain.com,98842,Australia,,2023-07-22
C03416,52,no-dot@com,85044,USA,606 666 6582,2023-07-27
C02081,74,user4775@example.com,88703,Canada,=1-224-505-5007,2023-02-08
C00399,65,user399@example.com,40775,UK,807 881 2830,2023-09-23
C02633,75,user2633@example.com,152374,Canada,=1-417-618-5853,2023-05-29
C04867,22,user4867@example.com,159999,USA,503 876 9745,2023-05-21
C02997,999,user2997@example.com,173933,Canada,=1-853-865-5892,2023-05-03
C00705,60,,182353,USA,=1-913-798-6927,2023-05-15
C00432,,user432@example.com,174228,Canada,472-303-6548,2023-10-06
C00293,18,user293@example.com,-20000,UK,764-589-4437,2023-11-17
C04883,0,user4883@example.com,30368,USA,204 276 3875,2023-09-10
C00146,52,user146@example.com,173022,USA,368 248 9690,2023-06-08
C00924,-1,user4160@example.com,56028,Australia,700-874-5067,2023-11-23
C02034,30,user2034@example.com,140634,Australia,(996) 399-8947,2023-08-31
C04220,25,,70502,Canada,211-506-6472,2023-06-26
C01166,22,user1166@example.com,144894,USA,=1-779-716-4639,2023-10-26
C03501,-999,multiple@issues@invalid,-1,InvalidCountry,,invalid-date
C02051,33,.user@domain.com,181317,USA,4515536330,2023-10-19
C02625,32,user2625@example.com,98968,UK,948.413.2659,2023-12-26
C04393,74,user4393@example.com,116394,USA,2557901963,2023-09-04
C00340,58,user340@example.com,181130,Canada,(123) 185-9821,2023-03-17
C03904,60,user3904@example.com,0,Canada,126.239.1102,2023-08-21
C04855,69,user@,0,UK,933 999 7776,2023-01-01
C02974,66,user2974@example.com,181100,Australia,1104046463,2023-04-24
C00240,58,user266@example.com,-1000,UK,385 114 8014,2023-08-15
C02425,-50,user2425@example.com,,USA,2156991983,2023-06-07
C01263,61,user1263@example.com,-20000,USA,842-754-7064,2023-10-25
C01772,-1,user1772@example.com,0,UK,8355554562,2023-12-15
C03512,60,user3512@example.com,67196,USA,758.702.8370,2023-04-09
C00272,69,user272@example.com,126566,Canada,=1-503-590-2605,2023-07-05
C00697,60,user697@example.com,92943,UK,525 887 1107,2023-08-18
C00748,52,user748@example.com,,UK,133 864 3569,2023-01-01
C00245,0,user@domain..com,126258,USA,206-858-1859,2023-04-01
C00318,65,user318@example.com,111050,UK,480 395 1775,2023-08-24
C00477,48,user477@example.com,180528,UK,807-791-4373,2023-11-09
C02033,30,user2033@example.com,97789,UK,=1-772-284-5916,2023-10-27
C00958,45,user958@example.com,163962,UK,8878253700,2023-05-20
C04910,53,user4910@example.com,64268,UK,=1-237-128-7043,2023-11-16
C00814,-100,user814@example.com,161208,UK,(778) 429-6597,2023-10-20
C04185,58,user4185@example.com,64929,Canada,7186241692,2023-02-19
C00521,68,,41984,UK,2023176784,2023-08-25
C04618,32,user@@domain.com,,Canada,285.494.3007,2023-10-18
C03488,60,user3488@example.com,132877,Canada,680-209-4952,2023-06-31
C01293,20,,178690,Brazil,599-107-3549,2023-02-27
C04055,22,user@.com,-20000,Canada,931-844-7000,2023-01-30
C01805,40,invalid-email,165758,UK,783.381.7409,2023-09-25
C00759,79,,76218,USA,686 417 8411,2023-10-03
C00251,-999,multiple@issues@invalid,-1,InvalidCountry,,invalid-date
C02462,77,user2462@example.com,157039,Australia,=1-994-917-6358,2023-10-07
C00428,-5,user546@example.com,49477,UK,(355) 628-3131,2023-03-28
C03242,59,user3242@example.com,37868,Canada,8534483048,2023-11-18
,42,user739@example.com,121829,Canada,319 556 2279,2023-02-06
C00311,41,user311@example.com,,Australia,293.164.1361,2023-09-05
C03805,44,.user@domain.com,70522,Australia,341 514 9491,2023-11-05
C02942,77,user2942@example.com,69886,Canada,=1-719-223-5843,2023-08-01
C01132,40,user1132@example.com,175283,Canada,816.869.5072,2023-03-10
C01450,20,user1450@example.com,,Canada,250-474-3314,2023-04-04
C04935,500,user@domain..com,,Canada,913-497-3910,2023-05-26
C00016,70,user16@example.com,76101,UK,(593) 259-8546,2023-03-19
C03233,32,user3233@example.com,57302,Canada,=1-616-158-7452,2023-09-15
C02770,56,user2770@example.com,119360,UK,(716) 641-5715,2023-02-27
C03469,66,user3469@example.com,163501,Canada,,2023-10-20
C00634,37,@domain.com,160830,UK,,2023-07-23
C03030,44,user3030@example.com,105069,Spain,4745175272,2023-07-07
C01373,32,user1373@example.com,46279,Canada,(647) 218-1022,2023-07-08
C03588,68,user3588@example.com,57307,Canada,=1-253-514-7188,2023-08-24
C02545,39,,116971,Australia,(743) 990-7646,2023-01-01
C03599,66,user3599@example.com,104231,UK,(228) 166-1994,2023-10-08
C00039,44,,196277,Australia,104-418-1721,2023-10-26
C00364,77,user364@example.com,114700,UK,769-781-5713,2023-01-12
C04115,63,user4115@example.com,167145,Australia,3182777545,2023-06-26
C00183,31,user183@example.com,136984,Australia,(816) 437-7411,2023-09-31
C03034,41,user3034@example.com,176768,USA,,2023-08-17
C02984,999,user2984@example.com,102635,Australia,,2023-01-12
C01195,52,user1195@example.com,118151,Canada,4686932034,2023-11-31
C02853,51,user2853@example.com,59511,USA,922.624.7955,2023-03-27
C03791,76,user3791@example.com,62940,Australia,1783367740,2023-02-11
C01122,19,user1122@example.com,194490,Australia,717 632 5355,2023-04-12
C02236,53,user2236@example.com,94550,Canada,231 425 3187,2023-12-24
C02668,73,,184546,Canada,651.813.5991,2023-03-07
C04801,28,user4801@example.com,,UK,=1-823-709-7416,2023-01-14
C03224,40,user@domain..com,171564,Australia,661.581.7934,2023-10-03
C01183,64,user1183@example.com,44995,USA,794 584 6706,2023-07-28
,28,user4198@example.com,145158,Australia,,2023-02-15
C04308,-100,user4308@example.com,80713,USA,544 488 2877,2023-11-19
C00615,65,user615@example.com,106361,UK,762.870.3525,2023-06-01
C04924,52,,89624,UK,379-687-9756,2023-01-26
C01467,74,user1467@example.com,78847,Australia,7306885001,2023-05-19
C00402,52,missingatsign.com,152808,USA,912-775-9412,2023-01-29
C03043,53,user3043@example.com,193991,USA,7623993181,2023-08-08
C00935,33,user935@example.com,122910,UK,379.491.1404,2023-08-15
C02420,20,user2420@example.com,39943,UK,205 801 5916,2023-03-07
C04054,36,user4054@example.com,,Canada,657-113-9468,2023-03-23
C04529,53,user4529@example.com,-50000,UK,,2023-08-12
C02642,32,user2642@example.com,31577,USA,(661) 258-5485,2023-02-11
C04042,50,.user@domain.com,80755,Australia,=1-166-479-8255,2023-12-21
C00727,,user727@example.com,127088,UK,6896899328,2023-05-18
C00827,64,user827@example.com,81925,USA,796.826.6862,2023-09-30
C01522,64,user1522@example.com,,USA,8478761088,2023-06-23
C04760,78,user4760@example.com,32413,USA,551 180 2800,2023-09-30
C02931,61,user2931@example.com,65897,Australia,623.197.7293,2023-06-24
C00137,18,user137@example.com,84131,USA,451-186-3376,2023-06-30
C03591,73,user3591@example.com,0,Canada,(429) 478-1802,2023-09-20
C00629,29,user629@example.com,60109,Canada,=1-148-664-2253,2023-07-19
C00335,36,user335@example.com,138125,France,3366355159,2023-06-26
C00391,66,user391@example.com,143943,Australia,(117) 591-6705,2023-06-12
C04402,39,user4402@example.com,174258,Canada,=1-634-579-7769,2023-10-25
C04891,41,user4891@example.com,97005,India,(857) 853-1024,2023-09-24
C03857,67,user3857@example.com,87241,UK,(645) 879-6535,
C01818,42,user@.com,55095,UK,5896431504,2023-01-24
C00401,42,user401@example.com,177745,Canada,143 301 2766,2023-05-11
C00711,63,user711@example.com,83053,UK,=1-159-746-9516,2023-02-19
C00563,250,,55939,USA,3070734230,2023-09-09
C04014,21,user4014@example.com,53104,Australia,(253) 710-5697,2023-10-31
C03360,54,user3360@example.com,-1000,USA,=1-727-726-4222,2023-06-07
C00047,79,user47@example.com,177281,USA,5800273809,2023-12-19
C01562,,user1562@example.com,178040,UK,765-116-7738,2023-08-05
C04815,36,user4815@example.com,145436,Canada,516.312.2765,2023-01-24
C03643,54,user@domain.,49156,UK,321 237 7635,2023-08-14
C01982,71,user3727@example.com,174962,India,704 881 6877,2023-10-19
C04859,66,user4859@example.com,127003,UK,523.208.3996,2023-04-21
C01113,27,user1113@example.com,,UK,741 739 2789,2023-03-03
,57,user2514@example.com,,Canada,(859) 928-3975,2023-06-21
C03609,25,user3609@example.com,,Australia,(813) 509-5835,
C01224,35,user1224@example.com,32775,Spain,657.275.7931,2023-07-22
C04085,33,user4085@example.com,181255,UK,8286145992,2023-09-06
C03024,59,user3024@example.com,149392,USA,(166) 507-7183,2023-05-01
C02422,,user2422@example.com,,USA,260.296.7491,2023-02-12
C01509,43,user1509@example.com,181426,Canada,185.798.7769,2023-01-11
C01751,-999,multiple@issues@invalid,-1,InvalidCountry,,invalid-date
C04853,26,user4853@example.com,162314,Canada,(777) 916-3169,2023-06-29
C04110,36,,192701,UK,(478) 800-9404,2023-11-29
C01800,43,@domain.com,166949,UK,249 751 1354,2023-01-25
C00339,69,user339@example.com,156310,Canada,=1-639-327-5553,2023-08-25
C00216,45,user216@example.com,-20000,Australia,930.955.7586,2023-12-10
C03664,18,user3664@example.com,192285,UK,(506) 642-8820,2023-09-09
C01342,18,,186877,Canada,469.859.6920,2023-10-07
C00012,40,user12@example.com,177309,UK,216-802-6460,2023-11-21
C01521,0,user@.com,123326,USA,718.597.4483,2023-10-05
C03641,39,user3641@example.com,158364,UK,=1-149-721-4254,2023-03-18
C03962,50,user name@domain.com,79756,Canada,(557) 718-8189,2023-08-22
C03800,23,user3800@example.com,159207,,=1-868-560-1375,2023-03-09
C03005,59,@domain.com,50056,USA,,2023-06-31
C02865,40,user2865@example.com,,Canada,9046197909,2023-06-19
C03116,66,user3116@example.com,150382,USA,480-161-9359,2023-04-14
C04856,62,user4856@example.com,0,Canada,776.659.8578,2023-09-13
C02323,69,user2323@example.com,148542,UK,=1-648-645-7425,2023-03-28
C02572,72,user2572@example.com,139756,Australia,176-357-6105,2023-09-26
,,user2914@example.com,-5000,UK,781 161 6789,2023-07-27
C00102,79,,157927,UK,(292) 668-7301,2023-05-04
C03550,53,user3550@example.com,60373,USA,1231035712,2023-12-03
C01459,50,user1459@example.com,55954,Australia,(615) 264-1178,2023-06-30
C00172,52,user172@example.com,194559,UK,440 161 5230,2023-04-13
C00108,25,user108@example.com,115896,Canada,907 812 7974,2023-08-19
C04210,57,user4210@example.com,,USA,(114) 939-6091,2023-03-26
C03570,35,user3570@example.com,51395,USA,804-294-8877,2023-12-08
C01993,31,user1993@example.com,166319,Canada,149.677.9481,2023-04-20
C04310,34,user4310@example.com,-1000,UK,2658861672,2023-06-02
C04088,20,user4088@example.com,93668,Australia,(143) 361-9222,2023-08-24
C03886,-10,user3886@example.com,47509,UK,492 730 9670,2023-02-10
C04136,20,user4136@example.com,50104,UK,463-537-1721,2023-09-21
C04095,45,user4095@example.com,54363,USA,=1-669-867-5794,2023-00-15
C00061,56,user61@example.com,115716,Australia,873-882-8629,2023-01-06
C01241,79,user1241@example.com,165203,USA,8441782033,2023-07-16
C04653,60,user4653@example.com,68098,UK,1836949785,2023-06-18
C01041,62,user1041@example.com,181396,UK,118.723.8354,2023-02-19
C04201,44,user4201@example.com,54309,UK,481.713.1914,2023-01-03
C02761,41,user2761@example.com,157732,UK,(886) 315-6208,2023-12-18
C02121,43,user2121@example.com,90197,USA,9993008031,2023-05-18
C01525,60,user1525@example.com,84195,Canada,6211814586,2023-02-17
C03522,64,user3522@example.com,123944,Canada,871.563.3691,2023-10-22
C00154,45,user154@example.com,81374,UK,891 791 4961,2023-07-10
C02249,59,user2249@example.com,134700,USA,367-531-3941,2023-06-03
C00482,78,user482@example.com,63276,USA,404-687-7586,2023-10-11
C04247,35,,135586,UK,,2023-12-16
C04320,52,user4320@example.com,141316,USA,103-303-1276,2023-10-23
C03579,42,,-50000,USA,394 602 9556,2023-05-27
C04363,26,user4363@example.com,75406,USA,,2023-01-18
C03563,77,user3563@example.com,174454,Australia,532-838-9957,2023-07-04
C03316,49,user3316@example.com,76900,Australia,102-582-3909,2023-09-14
C01508,55,user1763@example.com,140966,UK,508 200 5280,2023-10-19
C03539,21,user3539@example.com,88560,Canada,257-525-2776,2023-05-29
C04819,61,user4819@example.com,,Australia,=1-951-128-1535,2023-03-04
C00751,-999,multiple@issues@invalid,-1,InvalidCountry,,invalid-date
C03620,60,user3620@example.com,155212,Australia,8197295338,2023-01-16
C01786,34,user1786@example.com,,Canada,224-858-9369,2023-07-16
C04285,0,user4285@example.com,,USA,(759) 710-3020,2023-01-01
C03384,39,user3384@example.com,136379,UK,201-232-5230,2023-07-18
C04152,55,user4152@example.com,53723,UK,=1-687-908-4637,2023-05-02
C00406,63,user406@example.com,178036,USA,=1-304-289-6759,2023-07-03
C00378,40,user758@example.com,40751,Canada,991-145-7841,2023-09-19
C02712,74,user2712@example.com,143758,Australia,=1-503-875-9951,2023-08-22
C02671,37,user2671@example.com,182117,France,7815565318,2023-11-16
C04296,77,,95641,UK,2085051459,2023-02-19
C00098,43,user98@example.com,59320,UK,(542) 819-7459,2023-10-12
C01334,21,user1334@example.com,36901,Canada,459.828.7849,2023-01-30
C04667,150,user4667@example.com,,UK,(816) 730-4114,2023-05-25
C02792,18,,39637,Australia,228 960 6782,2023-05-22
C02855,55,user@domain.,95776,USA,836.367.4160,2023-11-21
C00187,32,user187@example.com,61131,Germany,3070459171,2023-12-22
C04224,21,user4224@example.com,47194,Australia,(255) 401-3966,2023-09-12
C02724,66,user2724@example.com,151635,UK,=1-128-148-5963,2023-07-26
C03584,0,user@domain..com,,Canada,713-150-1045,2023-12-10
C02059,56,user2059@example.com,193539,USA,9801312301,2023-02-30
C01320,79,user1320@example.com,50789,Australia,(732) 256-9376,2023-01-29
C00149,22,user149@example.com,85243,USA,,2023-11-10
C00029,,user29@example.com,84238,Australia,562.949.5958,2023-10-15
C04154,23,user4154@example.com,30074,Australia,3155252343,2023-01-05
C04190,,user4190@example.com,36041,Australia,728-238-3958,2023-04-12
C03364,46,user3364@example.com,78867,Canada,391-440-1293,2023-07-05
C00693,50,user693@example.com,40278,UK,7467776722,2023-14-01
C02867,62,user2867@example.com,174926,USA,1595776128,2023-10-18
C03777,36,user3777@example.com,190185,USA,,2023-01-18
C01387,70,invalid-email,112806,Australia,285 570 4031,2023-10-16
C01846,75,user1846@example.com,,Australia,465.733.3258,2023-11-19
C04746,75,user4746@example.com,172979,UK,676.755.8472,2023-01-10
C00130,32,missingatsign.com,,Australia,,2023-07-18
C01600,44,user1600@example.com,89993,USA,245-389-5292,2023-12-21
C03630,32,no-dot@com,198733,USA,842.237.8629,2023-01-26
C04518,64,user4518@example.com,,USA,891-214-9243,2023-05-17
C00702,50,user702@example.com,,Australia,(871) 871-9677,2023-07-02
C04007,,user@@domain.com,159529,Australia,=1-113-776-3930,2023-02-05
C03029,43,user3029@example.com,56619,UK,(921) 373-1399,2023-01-03
C02970,53,user2970@example.com,33114,Australia,=1-526-757-7487,2023-06-12
C04371,-25,user4371@example.com,55345,Canada,(964) 990-7015,2023-06-09
C01709,68,user1709@example.com,80599,Canada,8265726536,2023-07-27
C02954,51,user2954@example.com,38997,Australia,266.700.3105,2023-04-08
C00455,0,user455@example.com,169784,USA,5999961449,2023-07-03
C00742,18,@domain.com,188097,UK,(193) 835-2500,2023-01-30
C02041,63,user2041@example.com,0,UK,813.507.3098,2023-03-31
C01773,61,user1773@example.com,70149,Germany,462 537 8643,2023-11-27
C02316,31,user2316@example.com,196964,Australia,=1-970-226-2588,2023-02-27
C00610,64,user610@example.com,89778,USA,,2023-04-14
C00168,61,user168@example.com,91240,UK,,2023-04-04
C00731,75,user731@example.com,194530,Canada,447 341 9737,2023-01-17
C04263,25,user4263@example.com,119787,Australia,,2023-12-22
C03359,34,,155851,UK,643.500.9662,2023-11-08
C02075,42,user2075@example.com,179696,Canada,=1-255-197-7408,2023-12-07
C04064,45,,183470,USA,,2023-04-14
C03701,70,user3701@example.com,63085,UK,392.687.3978,2023-07-26
C01623,38,user1623@example.com,74036,UK,556 533 5451,2023-03-06
C00588,59,user588@example.com,134245,UK,854.603.3478,2023-03-14
C01402,58,user1402@example.com,-5000,USA,1364922725,2023-01-22
C03046,72,user3046@example.com,145600,Canada,871 652 3691,2023-09-25
C03225,43,user3225@example.com,174821,Canada,(341) 117-4201,2023-06-03
C01701,76,user1701@example.com,128300,UK,(708) 382-9676,2023-07-19
C03089,,user3089@example.com,,Australia,=1-769-841-1798,2023-05-29
C04405,20,user4405@example.com,0,Australia,583.884.2893,2023-09-31
C02982,48,user2982@example.com,-50000,UK,=1-136-313-4760,2023-06-15
C00041,59,user41@example.com,85103,UK,578.147.2689,2023-05-04
C01380,66,,104055,USA,(362) 116-9804,2023-07-15
C02090,54,user2090@example.com,37371,Canada,674-273-4402,2023-04-28
C02176,-5,user2176@example.com,182236,Australia,(846) 373-2375,2023-08-10
C03218,0,,139876,Canada,181.637.5180,2023-01-02
C02886,42,user2886@example.com,94384,India,,2023-11-21
C00075,64,user75@example.com,35842,UK,=1-262-593-7288,2023-09-07
C03934,54,user3934@example.com,,Canada,2958623078,2023-12-10
C03915,24,user3915@example.com,181022,Canada,=1-734-833-9038,2023-01-05
C02658,22,user2658@example.com,,Canada,6256884496,2023-03-27
C00757,71,user3181@example.com,159863,UK,(123) 666-6189,2023-05-25
C02077,18,user2077@example.com,187753,USA,535.624.1383,2023-03-05
C00442,25,user442@example.com,188199,Australia,201-855-1865,2023-08-06
,57,user4076@example.com,133535,Canada,(950) 241-8782,2023-05-05
C02052,73,user2052@example.com,64753,Australia,558.519.4625,2023-10-22
C02542,21,user2542@example.com,145721,Australia,(749) 134-4896,2023-10-03
C03307,45,,172226,Canada,479.221.6046,2023-05-11
C01302,54,user1302@example.com,181599,UK,211.549.8198,2023-10-04
C00518,49,user1782@example.com,186625,Australia,959 155 2387,2023-08-09
C04830,41,user4830@example.com,97313,UK,500 446 3968,2023-09-22
C03431,35,user@,145260,USA,=1-317-696-2291,2023-11-09
C01305,48,user1305@example.com,,UK,,2023-01-25
C00237,79,user237@example.com,57076,Australia,=1-470-983-9842,2023-01-17
C02600,38,user2600@example.com,32795,UK,8756674382,2023-07-24
C00521,67,user@domain..com,189034,Australia,(319) 381-8200,2023-01-01
C02574,68,user2574@example.com,144159,USA,873-520-3298,2023-11-10
C03281,63,user3281@example.com,169718,Canada,236-299-7854,2023-01-02
C03187,18,,59709,USA,=1-269-277-4610,Jan 1 2023
C02769,74,user2769@example.com,170202,Australia,992-551-2136,2023-07-21
C00736,46,user736@example.com,38024,UK,565.200.3401,2023-07-06
C04719,64,user4719@example.com,,USA,=1-316-705-6259,2023-03-28
C04945,51,user4945@example.com,76219,UK,(283) 176-4167,not-a-date
C02107,21,user2107@example.com,184226,UK,3092479645,2023-12-26
C02680,19,user2680@example.com,176312,Australia,490 813 8772,2023-05-19
C03230,52,,48667,Canada,(646) 291-5024,2023-11-04
C02762,200,user2762@example.com,,USA,682-114-3502,2023-04-01
C00593,36,user593@example.com,-10000,USA,218 606 1668,2023-05-13
C01304,41,user1304@example.com,41151,UK,467-991-4251,2023-07-06
,73,user1388@example.com,123185,UK,(293) 683-9036,2023-05-20
C04711,21,user4711@example.com,139543,USA,421-848-5535,2023-07-05
C04541,68,user@.com,132621,UK,(853) 742-1213,2023-09-13
C03972,56,user3972@example.com,99351,Canada,=1-292-277-1616,2023-05-22
C01891,,user1891@example.com,84460,France,,2023-03-26
C02988,,user2988@example.com,-5000,USA,669.483.9370,2023-10-22
C04940,31,user@,122091,Spain,7020369944,2023-03-20
C03298,200,user3298@example.com,61625,France,943-251-4663,2023-11-06
C00905,61,user905@example.com,159048,Canada,280-963-5289,2023-11-07
,75,missingatsign.com,60297,UK,8603466029,2023-09-02
C01280,70,user1280@example.com,103616,UK,,2023-06-09
C00934,20,user934@example.com,32763,USA,476 923 9151,2023-10-10
C04915,54,user4915@example.com,62959,India,875.780.7590,2023-02-09
C02309,18,user@,137449,Canada,411.398.6166,2023-11-25
C01556,31,user1556@example.com,195556,Australia,,2023-09-17
C04548,,user4548@example.com,96983,Germany,895-877-3140,2023-03-06
C03191,37,user3191@example.com,164312,USA,318 337 2644,2023-02-09
C04456,77,user4456@example.com,137724,UK,5849598465,2023-07-28
C00707,46,user707@example.com,40442,Spain,5052915145,2023-09-24
C04706,77,,179777,Australia,(893) 494-3859,2023-05-12
C03071,78,user3071@example.com,72137,UK,497.483.4415,2023-03-24
C00746,26,user746@example.com,50025,Australia,3272643775,2023-04-25
C03595,49,user3595@example.com,171820,UK,516-312-4938,2023-06-14
C01940,38,user1940@example.com,144456,USA,(308) 433-7084,2023-10-31
C04415,25,user4415@example.com,66445,Canada,992.255.7892,2023-09-26
C02863,30,user2863@example.com,48557,UK,991.732.2153,2023-07-27
C04021,38,.user@domain.com,107928,USA,894-199-4749,2023-05-28
C00514,250,user514@example.com,0,Canada,(214) 684-9196,2023-12-25
,52,user82@example.com,180043,France,=1-199-941-8294,2023-10-24
C04992,36,user@domain.,68931,UK,721 555 7713,2023-07-18
C01309,45,user1309@example.com,64700,Canada,600 663 9119,2023-02-10
C04563,37,,122115,USA,168.734.7342,2023-03-09
C00915,28,@domain.com,73954,UK,=1-401-908-3434,2023-02-24
C03453,46,user3453@example.com,70870,Australia,=1-976-227-7884,2023-05-19
,34,user3696@example.com,174491,USA,4108943608,2023-00-15
C04820,69,user4820@example.com,142167,UK,=1-910-766-6141,2023-10-18
C03157,-5,user@domain..com,115042,USA,841-840-5775,2023-09-13
C02199,22,user2199@example.com,41569,Australia,(650) 682-4451,2023-05-12
C02404,130,user4246@example.com,154232,Canada,=1-458-938-3765,2023-03-23
C00775,65,user775@example.com,97173,UK,926-646-6249,2023-08-24
C00330,76,user330@example.com,122764,Australia,856-659-9313,2023-01-30
C02055,74,user2055@example.com,114698,Australia,=1-725-437-3117,2023-12-18
C02002,54,user2002@example.com,,UK,(782) 385-3310,2023-06-08
C00944,300,user944@example.com,36476,UK,(822) 718-3258,2023-09-19
C00189,46,user823@example.com,46322,UK,947 715 6864,2023-05-29
C04542,999,user4542@example.com,115374,Australia,(136) 749-4405,2023-11-02
C00910,64,user910@example.com,194344,UK,4053473268,2023-09-14
C02517,20,user2517@example.com,165675,USA,740 482 5344,2023-11-06
C00182,72,user182@example.com,120306,UK,780-499-5365,2023-05-18
C00165,41,user165@example.com,85350,Australia,772 882 4027,2023-02-05
C01524,63,user1524@example.com,49309,Canada,=1-259-581-3384,2023-03-05
C00452,22,user452@example.com,132842,UK,973.485.8250,2023-05-09
C02539,28,no-dot@com,113434,Australia,532.483.3379,2023-08-11
C04120,72,user4120@example.com,,USA,=1-482-548-1188,2023-01-07
C04791,70,,152984,Canada,444.583.3161,2023-04-14
C01312,32,user1312@example.com,101045,USA,=1-843-859-7370,2023-10-18
C03150,61,.user@domain.com,74387,USA,413.296.6488,2023-06-03
C01112,34,invalid-email,101196,USA,(365) 992-7697,2023-12-31
C04562,,user4562@example.com,78037,Canada,353.962.9867,2023-12-14
C03875,53,user3875@example.com,114146,UK,,2023-12-15
C03490,62,user3490@example.com,164563,UK,4959218902,2023-05-30
C01288,47,user1288@example.com,131407,Australia,406.594.5809,2023-04-28
C04191,,user4191@example.com,108209,Canada,965-803-8827,2023-04-08
C04661,55,user4661@example.com,0,USA,280 838 1438,2023-03-31
C03681,44,user@@domain.com,148070,Canada,257 801 8465,2023-12-30
C04378,29,user4378@example.com,107567,Australia,967.985.8700,2023-12-07
C04182,52,user4182@example.com,,Australia,741 485 5342,2023-06-07
,21,user3301@example.com,,USA,522.860.7551,2023-02-26
C01849,37,user3311@example.com,137798,UK,263.712.6359,2023-05-25
C04571,33,,39336,Canada,470 470 1990,2023-06-16
C03126,0,user3126@example.com,,Canada,(741) 871-7774,2023-03-26
C00328,37,user328@example.com,158498,Australia,125-514-9182,2023-08-29
C01791,200,user1791@example.com,,Canada,738 804 4288,2023-12-26
C02491,50,,173093,Australia,150 557 8185,2023-12-20
C02007,40,,57564,Australia,308.388.7987,2023-09-27
C02008,61,user2008@example.com,58835,Australia,7244235534,invalid-date
C01859,38,user1859@example.com,116486,Australia,446-531-5274,2023-05-06
C04701,54,user4701@example.com,0,USA,207.947.4871,2023-11-03
C00313,69,user313@example.com,,USA,692 451 6346,2023-06-31
,180,user833@example.com,193187,UK,990-384-9197,2023-05-31
C03080,20,user@domain.,143089,USA,358 656 2508,2023-07-03
C04733,51,user4733@example.com,165453,Canada,=1-888-289-3160,2023-07-06
C03463,72,user3463@example.com,48646,UK,247 250 3019,2023-02-13
C01202,31,user1202@example.com,176232,USA,8495577948,2023-02-12
C04406,39,user4406@example.com,49157,Australia,956 850 2443,2023-04-02
C03548,27,user3548@example.com,33516,UK,(515) 402-7152,2023-06-05
C04018,32,user4018@example.com,,UK,4997329298,2023-08-19
C02135,52,user2135@example.com,60573,USA,3033266894,2023-07-04
C03452,65,user@,144421,USA,=1-394-375-5080,2023-07-23
C02210,20,user2210@example.com,104229,UK,262-531-8790,2023-08-09
C01902,42,,128064,Australia,975.724.7290,2023-11-04
C01482,50,user1482@example.com,160407,Canada,843 464 3122,2023-08-12
C00778,30,user778@example.com,35103,Australia,124 980 9649,2023-01-18
C00456,52,user800@example.com,156270,China,=1-533-668-8401,invalid-date
C01942,64,user3715@example.com,,Canada,737 816 1376,2023-01-22
C03943,41,user3943@example.com,73162,Canada,662-989-3976,2023-01-31
C00055,20,user55@example.com,122122,UK,151 233 1475,2023-10-06
C02973,19,user2973@example.com,78128,UK,332.345.1925,2023-08-15
C03336,48,user3336@example.com,0,USA,181-160-2928,2023-12-06
C01921,54,user1921@example.com,118774,Australia,414-682-6259,not-a-date
C03716,78,user3716@example.com,169681,Australia,=1-584-258-7520,2023-04-15
C04662,22,user4662@example.com,88436,USA,=1-760-290-8940,2023-09-04
C00947,45,user947@example.com,194474,Australia,901.513.7647,2023-04-11
C01702,78,user1702@example.com,147229,UK,,2023-04-31
C03294,51,user3294@example.com,155549,Australia,(934) 122-8108,2023-09-10
C02162,0,missingatsign.com,137573,UK,740.158.1498,2023-11-06
C01137,200,user1137@example.com,186685,China,2908280434,2023-05-30
C00988,67,user988@example.com,65931,Canada,727 943 3869,2023-07-09
C02550,59,user2550@example.com,30515,USA,890 662 8476,2023-03-06
C00194,200,user194@example.com,186040,Australia,=1-140-493-4129,2023-12-28
C03058,300,user3058@example.com,84675,Canada,1457098881,2023-12-12
C03247,47,,45734,Australia,=1-978-611-3068,2023-04-08
C01395,18,user1395@example.com,109414,Australia,9640565939,2023-05-27
C02638,62,,50711,USA,=1-462-506-3179,2023-12-30
C00769,58,user769@example.com,186470,USA,=1-760-226-2395,2023-11-16
C04718,76,user4718@example.com,,UK,=1-786-193-7159,2023-02-27
C03091,63,user3091@example.com,,Spain,278 562 5806,2023-05-27
C03496,22,user3496@example.com,199595,Australia,812.923.5455,2023-11-22
C03216,44,user3216@example.com,162746,Australia,(192) 824-3601,2023-09-26
C00286,19,user286@example.com,80081,Australia,=1-443-853-1898,2023-01-18
C04954,34,user4954@example.com,187780,USA,,2023-10-12
C00429,29,user429@example.com,81001,Australia,548 635 2392,2023-07-27
C04463,79,no-dot@com,33543,Australia,384-456-3065,2023-06-01
C01731,49,user2333@example.com,166587,UK,432-724-5095,2023-05-01
C02718,54,,144165,Canada,=1-595-724-7370,2023-05-16
C02080,300,user2080@example.com,54704,Australia,398 539 2524,2023-02-10
C03390,44,user3390@example.com,180259,USA,259-994-2989,2023-02-13
C00723,27,user723@example.com,143143,Australia,=1-448-875-3621,2023-04-31
C00952,53,user952@example.com,159974,Australia,8792778835,2023-12-25
C04398,24,user4398@example.com,173738,UK,362 817 2419,2023-11-08
C00801,45,user4596@example.com,134263,UK,7567013597,2023-05-17
C02263,-100,user2263@example.com,133780,UK,1343636531,2023-09-29
C00990,62,user990@example.com,196782,USA,493 774 4005,2023-02-27
C03213,58,,148206,Canada,(272) 324-9473,2023-07-04
C01760,37,user1760@example.com,189213,UK,=1-182-397-4585,2023-01-01
C04121,70,user4121@example.com,156545,Australia,=1-276-163-1420,2023-09-24
,20,user name@domain.com,85841,Canada,=1-266-646-5940,2023-10-30
C02609,61,user2609@example.com,31605,Brazil,835 862 1653,2023-12-25
C01384,61,user1384@example.com,101128,Australia,(695) 744-7479,2023-03-18
C01725,69,,89807,Australia,202-411-6499,2023-05-06
C01087,67,user1087@example.com,196690,Canada,=1-826-600-7032,2023-09-02
C02524,48,user2524@example.com,86344,USA,(194) 529-2086,2023-03-17
C00342,57,,49149,USA,=1-503-299-9035,2023-02-03
C03702,74,,127064,USA,831-563-5181,2023-08-10
C00148,76,user148@example.com,32745,UK,794 423 9687,2023-11-21
C00689,29,user689@example.com,105945,USA,,2023-09-19
C03433,999,,166701,UK,=1-872-654-2305,2023-10-27
C00278,46,user1108@example.com,126393,Australia,(483) 290-3200,2023-10-23
C00849,55,user849@example.com,59345,UK,183.685.1415,2023-02-06
C00967,0,user967@example.com,78008,USA,9137862629,2023-02-25
C04743,49,user4743@example.com,170749,USA,262-223-2134,2023-06-03
C01493,,user1493@example.com,74724,Australia,=1-976-541-1655,2023-01-29
C03954,67,user3954@example.com,173988,USA,=1-976-653-4329,2023-06-20
C02204,62,user2204@example.com,110820,Australia,625-891-4452,2023-06-17
C02714,37,user2714@example.com,158023,UK,238.558.4244,2023-06-11
C00662,71,user662@example.com,95618,Canada,(831) 162-9655,2023-12-27
C01003,43,user1003@example.com,114811,UK,217.826.3236,2023-10-24
C00063,21,user63@example.com,128538,UK,566-417-8625,2023-08-02
C00067,19,no-dot@com,,Canada,=1-913-312-2326,2023-04-19
C02225,999,user2225@example.com,0,Canada,5122796224,2023-09-09
,34,user4722@example.com,97863,UK,(118) 359-3764,2023-08-12
C01880,53,user1880@example.com,56553,Canada,4443563465,2023-09-15
C03573,42,user3573@example.com,71115,Canada,3597900199,2023-01-14
C04873,72,user4873@example.com,94340,UK,148-222-9698,2023-01-03
C01204,45,user1204@example.com,188302,UK,8100420507,2023-01-01
C01991,56,user1991@example.com,99517,USA,=1-839-702-5576,2023-08-13
C00025,61,user25@example.com,76154,Australia,(709) 219-6050,2023-10-13
C04868,30,user@@domain.com,130128,Brazil,829.360.9308,2023-02-18
C04694,23,user4694@example.com,74013,USA,158 486 3998,2023-12-22
C04181,38,user4181@example.com,67420,UK,(959) 434-4026,2023-09-07
C00763,300,user763@example.com,127493,Australia,2396793314,2023-10-31
C00058,79,user876@example.com,100463,UK,7961501559,2023-01-01
C04758,45,user4758@example.com,0,Canada,(138) 702-7326,2023-04-09
C00939,29,user939@example.com,186379,Australia,=1-659-759-2280,2023-02-30
C02688,-25,user2688@example.com,193045,USA,=1-160-799-7113,2023-11-11
C00808,58,user3601@example.com,71662,UK,358 954 9660,2023-06-04
C04582,-100,user4582@example.com,164585,Canada,8281800690,2023-08-26
C04996,42,,,UK,776.609.3919,2023-08-01
C04138,21,,157904,Australia,(599) 390-4672,2023-05-17
C00386,73,user386@example.com,182026,Canada,448 266 2678,2023-01-08
C04385,69,user4385@example.com,80568,USA,655 913 7113,2023-01-03
C04647,46,user4647@example.com,158411,USA,(933) 549-9798,2023-06-22
C00537,29,,62298,USA,582 854 7765,2023-11-28
C04681,300,user4681@example.com,-20000,Australia,=1-794-673-3996,2023-03-13
C03508,24,user3508@example.com,73158,Australia,1582918332,2023-02-20
C00202,54,user202@example.com,138048,Mexico,=1-954-931-8361,2023-01-17
C01333,-1,user1333@example.com,,Canada,212.375.6956,2023-14-01
C03503,53,user3503@example.com,94926,USA,675 116 2249,2023-07-28
C01818,60,user2709@example.com,41516,Canada,930 963 2618,2023-08-22
C04022,500,user4022@example.com,34141,USA,221 245 5513,2023-03-03
C01855,53,user1855@example.com,137445,Australia,=1-725-612-6115,2023-12-30
C04484,28,user4484@example.com,90091,UK,435.108.4571,2023-10-01
C02873,24,user2873@example.com,57094,Australia,(587) 937-4232,2023-12-05
C03031,54,user3031@example.com,69895,Spain,(806) 558-1031,2023-03-20
C00920,31,user1206@example.com,,Canada,224-600-9351,2023-09-21
C01646,36,user1646@example.com,119424,UK,227-563-3803,2023-06-08
C03418,77,,99202,USA,2361792016,2023-09-29
C03477,22,user3477@example.com,,UK,759.329.8362,2023-08-22
,500,user2862@example.com,139779,Canada,,2023-03-29
C01793,56,user1793@example.com,109211,UK,=1-223-632-2587,2023-03-06
C03798,50,,131190,Australia,=1-281-656-6217,2023-04-31
C03369,56,user3369@example.com,-5000,UK,371 407 1634,2023-05-07
C03368,0,user3368@example.com,148422,Canada,954.705.4651,2023-04-05
C03534,67,,103690,UK,4870437669,2023-03-26
C03450,19,user3450@example.com,58333,USA,(944) 640-5795,2023-03-21
C00604,29,user604@example.com,140041,Australia,257.129.2328,2023-01-01
,34,user3057@example.com,184961,Canada,(690) 459-7684,2023-02-13
C04375,57,,37961,USA,9153894150,2023-11-07
C00127,,user127@example.com,87134,China,2118594780,2023-01-13
C03877,47,user3877@example.com,37170,Australia,6040185608,2023-03-08
C02936,40,invalid-email,35529,Australia,585-352-4659,2023-09-17
C03532,,user3532@example.com,151225,UK,8563835154,2023-08-04
C02731,23,user2731@example.com,59424,Canada,6169457994,2023-06-04
C00828,29,user828@example.com,141900,UK,(192) 935-5967,2023-02-23
C01640,30,user1640@example.com,42306,Canada,(205) 674-5555,2023-03-13
C00985,27,,,UK,689 140 2492,2023-10-26
C03282,33,,174615,UK,=1-298-527-3484,2023-06-08
C04987,58,invalid-email,53932,USA,766-144-7922,2023-11-22
C02189,22,user2189@example.com,86809,USA,5865058976,2023-09-31
C04628,150,user4628@example.com,65739,UK,643 941 6837,2023-05-11
C02444,-50,user2444@example.com,52837,Canada,(386) 721-7144,2023-12-13
C00363,69,user363@example.com,187608,UK,(368) 407-8742,2023-01-01
C02350,72,user2350@example.com,199292,Canada,947 843 1979,2023-11-21
,,user346@example.com,136611,Australia,495.481.1199,2023-09-17
C00815,75,user815@example.com,47413,UK,(570) 713-6381,2023-10-09
C03206,31,user3206@example.com,98619,Australia,3996087222,2023-02-05
C04174,65,,198455,USA,=1-229-816-5238,2023-09-07
C04811,29,user4811@example.com,,Canada,(948) 517-3581,2023-02-27
C03326,22,user3326@example.com,89164,Canada,720 972 5259,2023-11-29
C04107,23,user4107@example.com,52259,,961-262-1449,2023-02-19
C01232,27,invalid-email,173326,UK,(636) 832-8763,2023-10-30
C01835,62,user1835@example.com,99518,Australia,(358) 602-8168,2023-03-27
C00794,36,user794@example.com,107243,Australia,375-667-2663,2023-02-04
C04962,19,user4962@example.com,128971,USA,293 993 2578,2023-08-07
,34,user@,183778,UK,1835882089,2023-07-17
C00095,71,user95@example.com,141715,USA,478-662-1870,2023-07-25
C03757,47,user3757@example.com,93749,USA,=1-388-500-3659,2023-03-15
C02892,999,,36464,USA,702.889.6922,2023-12-09
C02372,33,user2372@example.com,44506,Canada,,2023-11-27
C04163,61,user4163@example.com,-50000,Australia,(318) 586-7678,2023-07-03
C04447,78,user@domain.,100404,Canada,=1-465-992-1975,2023-12-28
C03229,23,user3229@example.com,50116,Australia,=1-879-477-3931,2023-07-06
C02854,78,user2854@example.com,110960,USA,824 450 3168,2023-10-07
C02913,46,user2913@example.com,159716,UK,545 972 3618,2023-07-06
C01866,56,user1866@example.com,161763,USA,1179276130,2023-04-29
C01858,46,user1858@example.com,64578,USA,=1-582-369-1491,2023-05-20
C02646,25,user2646@example.com,40785,UK,(112) 403-4992,2023-05-01
C02244,75,user2244@example.com,125761,USA,292 145 4460,2023-08-18
C02337,-25,user2337@example.com,106946,Canada,477 840 4920,2023-08-01
C00951,,user@domain.,75095,UK,339 628 8679,2023-12-14
C01263,31,user3069@example.com,110409,Australia,777.512.1173,2023-08-23
C01121,70,user1121@example.com,117959,Australia,316-634-1118,2023-01-07
C02598,66,,37601,USA,782 956 5116,2023-07-29
,500,user2205@example.com,129515,Canada,323.578.5273,2023-01-12
C00420,65,user420@example.com,105715,USA,=1-239-607-6918,2023-12-01
C00923,35,user923@example.com,34234,UK,=1-811-594-9106,2023-06-30
C01255,53,user1255@example.com,164445,Australia,=1-377-722-2623,2023-04-06
C00478,-25,user478@example.com,121118,UK,608.614.6563,2023-11-09
C02036,49,user2036@example.com,129572,USA,=1-465-656-8880,2023-03-05
C01203,43,user1203@example.com,195070,UK,6936078258,2023-07-26
C02627,53,user2627@example.com,31515,Australia,420 736 9146,2023-03-27
C04834,-50,user4834@example.com,179233,Canada,239-116-3202,2023-06-28
C01971,32,user1971@example.com,58992,Canada,617 251 9096,2023-05-11
C03111,23,,,Australia,775 659 7116,2023-10-24
C04019,73,user4019@example.com,108572,Australia,7855638604,2023-04-09
C02152,30,user2152@example.com,156299,UK,986-474-8636,2023-07-04
C03688,69,user3688@example.com,199579,Australia,881 674 3336,2023-09-01
C01998,77,user1998@example.com,109267,UK,455-391-3713,2023-07-11
C04034,300,user4034@example.com,126498,USA,643.765.2753,2023-12-23
C03055,72,user3055@example.com,193996,USA,433-849-7116,2023-04-08
C01249,27,user1249@example.com,107694,Australia,(989) 917-4698,2023-01-14
C02193,23,user2193@example.com,,Australia,304.281.5832,2023-06-03
C02713,71,user2713@example.com,60480,Australia,6157964035,2023-09-13
C00579,73,user993@example.com,196812,India,(380) 743-9810,2023-03-27
C02191,43,user2191@example.com,127557,UK,(385) 243-6169,2023-01-30
C03763,36,user3763@example.com,131121,Canada,3584703554,2023-09-02
,56,user3598@example.com,52738,Australia,=1-897-751-9615,2023-10-31
C01319,68,user name@domain.com,162702,USA,184 879 8027,2023-03-06
C01864,66,user1864@example.com,158867,UK,172.526.2320,2023-10-18
C02344,34,user2344@example.com,117939,USA,(350) 573-2144,2023-07-13
C02450,35,user2450@example.com,163959,Australia,(435) 686-9955,2023-08-19
C02137,75,user2137@example.com,129956,Australia,(193) 922-3400,2023-10-11
C01066,22,,108278,Canada,280 720 5079,2023-02-25
C04976,73,user4976@example.com,62125,USA,750.216.9885,2023-07-29
C02622,,user2622@example.com,34239,Spain,4502414628,2023-06-27
C00078,61,user78@example.com,75968,Canada,=1-810-341-3835,2023-08-10
C02899,31,user2899@example.com,-10000,USA,6810639622,2023-09-18
C01315,66,user1315@example.com,157992,USA,885-800-4874,2023-02-27
C04387,39,,103302,UK,675.756.1966,2023-11-31
C00873,43,user873@example.com,194044,USA,=1-908-960-4172,2023-01-03
C03851,,user3851@example.com,110052,USA,(243) 461-5819,2023-10-02
C04803,45,user4803@example.com,128682,USA,9599885296,2023-11-31
C02966,52,user2966@example.com,106290,Australia,2009375725,2023-10-14
C03392,71,@domain.com,165451,USA,(216) 883-8393,2023-03-10
C02561,68,user2561@example.com,37987,USA,=1-715-898-3486,2023-01-31
C04948,-100,user4948@example.com,,UK,=1-322-914-2847,2023-12-22
C02636,29,user2636@example.com,152990,Australia,192-828-7629,2023-03-23
C03531,-100,user3531@example.com,145140,UK,6171843301,2023-02-26
C00376,26,user376@example.com,37812,USA,396-398-9677,2023-12-15
C01909,-100,user1909@example.com,133306,USA,929.871.4547,2023-10-30
C04347,28,,145652,Canada,3554223931,2023-03-27
C04394,46,user4394@example.com,157173,China,154 940 3230,2023-12-01
C04028,78,user4028@example.com,35577,Canada,226 470 3653,2023-03-26
C01605,76,user1605@example.com,-20000,UK,(803) 529-7148,2023-07-13
,51,@domain.com,143711,UK,162-372-1118,2023-02-01
C03678,38,user3678@example.com,,UK,143-297-1907,2023-01-26
C03491,68,user3491@example.com,-5000,Australia,3269150598,2023-09-03
C04880,60,.user@domain.com,151070,Canada,=1-734-732-5125,2023-04-08
C02959,70,user2959@example.com,33225,Canada,6686039480,2023-05-20
C01995,41,user@domain.,181883,Germany,430.493.6219,2023-08-01
C04971,56,user4971@example.com,75117,Brazil,(978) 332-3905,2023-12-25
C04370,18,user4370@example.com,112674,UK,(102) 965-3318,2023-01-18
C02377,36,user2377@example.com,82413,UK,763 273 9605,2023-01-05
C01343,43,user1343@example.com,-20000,Australia,2595976710,2023-04-06
C00321,26,user321@example.com,173369,Australia,286.279.3514,2023-11-28
C01620,-1,user1620@example.com,102920,,277.302.5605,2023-06-25
C03714,21,user3714@example.com,66018,UK,513 677 1897,2023-12-31
C02061,22,user2061@example.com,142470,UK,(958) 648-7480,2023-09-15
C02220,41,user2220@example.com,173314,Canada,=1-210-531-7977,2023-01-19
C01674,25,user1674@example.com,166385,Australia,(194) 370-5853,2023-12-07
C00261,76,user261@example.com,89234,Australia,(402) 718-3568,2023-07-22
C04432,18,user4432@example.com,155788,UK,8300745056,2023-11-25
,56,user2040@example.com,,UK,(575) 426-2860,2023-07-06
C00902,70,user902@example.com,171727,Canada,278.324.5292,2023-01-12
C03745,20,user3745@example.com,76562,Canada,7923014252,2023-10-26
C02027,52,user@.com,67419,UK,=1-977-840-4509,2023-08-20
C04235,63,,136170,USA,3400153865,2023-08-25
C01918,51,user1918@example.com,37135,UK,445.684.7465,2023-10-05
C01829,48,user1829@example.com,150589,Australia,,2023-12-25
C01574,72,user1574@example.com,190703,UK,133 115 1430,2023-06-03
C04409,41,user4409@example.com,138612,Canada,=1-184-318-2158,2023-08-14
C04209,52,user4209@example.com,30767,Germany,908.546.5294,2023-04-01
C00225,45,user225@example.com,172105,USA,(116) 598-2322,2023-01-11
,43,user724@example.com,,UK,128-915-9846,2023-03-27
C04792,51,user4792@example.com,43777,UK,(138) 350-1166,2023-10-12
C01142,-10,.user@domain.com,102567,USA,=1-997-685-9267,2023-04-02
C02763,60,@domain.com,189204,Canada,980.356.3875,2023-10-25
,46,user847@example.com,129977,Canada,530.645.8354,2023-08-01
C02552,28,user2552@example.com,96727,Canada,=1-369-164-6987,2023-12-25
,63,user2929@example.com,,UK,4520399955,2023-11-20
C00118,35,,92261,UK,(847) 848-9624,2023-02-21
,22,user646@example.com,32642,Canada,2299900457,2023-04-14
C00004,32,user4@example.com,119571,USA,1831314297,2023-06-15
C04171,45,user4171@example.com,176115,France,906-680-7822,2023-07-15
C00468,52,,107603,UK,(340) 763-6113,2023-09-01
C00006,25,user6@example.com,162661,UK,4642432004,2023-10-17
C00920,36,user920@example.com,148696,UK,(620) 497-9342,2023-09-13
C02596,24,user2596@example.com,52616,Australia,,2023-11-31
C01064,71,user1064@example.com,128046,UK,7301035934,2023-01-18
C02591,78,no-dot@com,-1000,UK,330.635.2688,2023-07-27
C00243,74,user243@example.com,97468,UK,(545) 357-6477,2023-03-16
C01161,-25,user1161@example.com,140684,Canada,=1-476-230-6134,2023-05-30
C02871,79,user2871@example.com,165440,Australia,(151) 834-2301,2023-03-08
C03736,74,user3736@example.com,133475,Australia,963.296.5375,2023-05-06
C02398,44,user2398@example.com,109823,Mexico,200 649 1836,2023-04-10
C03518,49,user3518@example.com,63635,USA,,2023-04-11
C01629,72,user3422@example.com,45198,USA,5952255182,2023-12-09
,72,user2564@example.com,96323,USA,=1-335-810-9697,2023-08-01
C01606,68,user1606@example.com,91602,Mexico,748.561.3639,2023-01-09
C04998,48,user4998@example.com,,UK,6973394281,2023-06-13
C02325,,user2325@example.com,30924,Australia,393 945 8363,2023-04-11
C02710,29,user2710@example.com,80492,,=1-193-779-6251,2023-09-14
C04413,58,user4413@example.com,59680,Australia,403 318 6897,2023-03-18
C01313,,user1313@example.com,198914,Australia,(212) 210-1346,2023-04-02
C03449,18,user3449@example.com,166023,Australia,,2023-11-04
C03813,26,user@domain.,84362,USA,207 803 5340,2023-03-17
C04671,48,user4671@example.com,0,UK,330.232.4713,2023-04-25
C02363,20,user2363@example.com,148128,UK,=1-381-708-1585,2023-10-09
C01976,65,user1976@example.com,166269,Canada,806-270-2196,2023-12-24
C03515,22,user3515@example.com,87388,USA,=1-649-864-4951,2023-06-10
C01762,54,user1762@example.com,157581,UK,8031053243,2023-09-24
C02740,54,user2740@example.com,184721,UK,(999) 769-5466,2023-04-07
C04675,67,user4675@example.com,187921,UK,623-291-7374,2023-12-24
C02473,74,user2473@example.com,126870,UK,511-688-5813,2023-06-22
C04008,66,,32251,UK,766 997 5939,2023-11-02
C01494,46,user1494@example.com,62299,Canada,2664876543,2023-10-14
C04207,51,user4207@example.com,-50000,Canada,7929459291,2023-10-28
C02159,31,user2159@example.com,126622,UK,=1-113-721-5473,2023-04-14
C01170,63,user1170@example.com,165699,Germany,(715) 390-3389,2023-09-11
C04531,54,user4531@example.com,169876,Canada,(272) 839-8811,2023-01-21
C00233,72,user233@example.com,77118,UK,5081499111,Jan 1 2023
C00067,67,,150592,USA,564.599.1495,2023-01-01
C01604,61,user1604@example.com,96125,UK,175 598 2250,2023-01-05
C03284,63,user3284@example.com,,Australia,(100) 167-3677,2023-03-22
C00160,72,user3597@example.com,106050,UK,=1-463-905-1278,2023-05-17
C00126,77,user126@example.com,,Canada,(136) 811-5981,2023-10-20
C01297,72,user1297@example.com,147797,Australia,=1-626-257-7729,2023-02-25
C01977,25,,37452,Australia,(627) 987-9672,2023-05-26
C04532,180,user4532@example.com,30595,UK,(101) 155-3910,2023-04-21
C04691,59,user4691@example.com,186829,UK,257.454.3527,2023-06-16
C02076,65,user2076@example.com,115886,UK,(951) 720-6114,2023-10-03
C03087,28,user3087@example.com,87986,UK,=1-555-170-9225,2023-10-18
C04360,78,,30028,USA,194.723.7599,2023-01-23
C03346,45,,73790,UK,774 507 6301,2023-01-20
C04479,56,user4479@example.com,133399,USA,612 373 3053,2023-06-06
C02798,22,user2798@example.com,184560,UK,(322) 829-4128,2023-07-01
C00919,52,,165506,UK,3640917193,2023-08-01
C01647,79,user@domain.,179395,USA,=1-434-705-7272,2023-08-06
C00365,66,user365@example.com,108532,Canada,,2023-06-05
C03288,52,user3288@example.com,53777,Australia,785-570-6615,2023-01-04
C02126,73,,173687,Australia,391.940.7982,2023-01-21
C04124,30,user4124@example.com,150198,Canada,(962) 293-7230,2023-12-24
C00526,75,,179696,Australia,832 476 6049,2023-12-08
C00056,54,user56@example.com,74760,UK,791 151 2735,2023-11-21
C00639,22,user639@example.com,198035,UK,992.929.4066,2023-07-26
,72,user303@example.com,52601,Australia,283 395 2260,2023-12-15
C02767,67,user2767@example.com,131503,USA,6129647344,2023-10-01
C01277,54,user1277@example.com,189090,Canada,609 627 9722,2023-09-20
C02056,27,user2056@example.com,45960,Canada,=1-652-120-1345,2023-04-07
C03645,50,user3645@example.com,179001,China,,2023-09-24
C04144,79,user4144@example.com,135585,USA,(837) 371-8033,2023-01-20
C02879,75,user2879@example.com,111463,UK,(999) 655-4102,2023-03-08
C04203,50,,111899,UK,708-771-5933,2023-09-27
C02287,49,user2287@example.com,187419,UK,=1-367-410-9422,2023-06-18
C02262,46,,169005,Canada,(534) 644-7282,2023-01-17
C02297,37,user2297@example.com,49627,Australia,326-330-1296,2023-03-05
C01754,59,user1754@example.com,64785,Canada,460 776 1010,2023-11-29
C01969,24,user1969@example.com,116803,USA,6527129795,2023-11-21
C04366,34,user4366@example.com,134143,Canada,235.207.6678,2023-05-22
C03118,19,user3118@example.com,,Australia,,2023-08-04
C02394,35,user2394@example.com,112733,UK,=1-384-193-4113,2023-12-18
C00524,30,user524@example.com,171650,Australia,658.533.8780,2023-02-30
C03901,62,user3901@example.com,-10000,Canada,2237090718,2023-07-11
C03123,49,user3123@example.com,,Canada,249-783-3080,2023-03-11
C04157,200,user4157@example.com,181613,UK,,2023-07-29
C01970,31,,148843,Canada,220.183.7692,2023-03-21
C00672,300,user672@example.com,103903,Australia,953 789 6902,2023-03-16
,75,user4189@example.com,107597,Mexico,1211744170,2023-09-12
C00667,,user667@example.com,,Australia,(394) 843-4149,2023-04-22
C04353,65,user4353@example.com,-10000,Australia,=1-975-105-7038,2023-09-11
C01888,79,user1888@example.com,165747,Canada,,2023-05-22
C03267,31,,152989,UK,203-249-5417,2023-01-01
C00281,73,user281@example.com,64064,UK,741.575.1022,2023-01-04
C01720,73,user@,51438,UK,=1-460-585-1016,2023-06-08
C02948,0,user2948@example.com,140776,Australia,,2023-03-08
C00900,50,user900@example.com,66468,UK,550.299.6896,2023-10-03
C00955,76,,154277,Australia,=1-900-804-6623,2023-11-12
C00761,54,user761@example.com,37352,Australia,8028543315,2023-02-13
,42,user1907@example.com,61831,USA,654-881-6698,2023-07-21
C04043,59,user4043@example.com,178778,Canada,=1-793-897-6702,2023-01-15
C03824,60,user3824@example.com,119326,UK,5853262260,2023-05-31
C04139,42,user4139@example.com,99603,Australia,840.486.6800,2023-11-07
C03819,78,user3819@example.com,181388,Australia,(540) 738-9877,2023-03-29
C04301,64,user4301@example.com,93248,UK,501-936-3574,2023-01-12
C02594,32,user2594@example.com,161250,Canada,9432070587,2023-12-13
C04165,38,user@domain.,184169,Australia,360-428-9372,2023-09-30
C03032,21,user3032@example.com,33720,Canada,8975746608,2023-06-16
C02058,67,user3580@example.com,103568,Canada,254-279-5734,2023-06-11
C02833,58,missingatsign.com,109465,UK,120 603 6633,2023-07-23
,40,user3473@example.com,139934,UK,213 394 3305,2023-04-08
C00138,61,user138@example.com,185159,Australia,,2023-06-20
C02181,76,user2181@example.com,44693,USA,449-577-2410,2023-08-24
C02129,22,user2129@example.com,113886,UK,=1-654-756-4319,2023-01-03
C03178,45,user3178@example.com,183541,UK,540.346.4776,2023-06-11
C04382,58,user4382@example.com,,Australia,1784983542,2023-04-13
C04262,70,user4262@example.com,107990,USA,273 131 4139,2023-11-16
C04345,,user4345@example.com,167821,UK,(471) 564-2270,2023-04-03
C01332,0,user1332@example.com,119499,USA,622-537-1846,2023-02-15
C02018,35,user2018@example.com,,USA,8249636686,2023-08-16
C02483,27,user2483@example.com,31073,Canada,(653) 456-2134,2023-11-04
C01359,40,user1359@example.com,41669,Australia,8793362077,2023-01-06
C01330,-5,user@.com,,Australia,637 413 4791,2023-07-18
C02151,55,user2151@example.com,120477,Canada,2495423827,2023-06-28
C02123,66,user@domain..com,124634,USA,,2023-03-30
C03982,-5,user3982@example.com,56572,Canada,=1-975-913-6254,2023-03-16
C01253,35,user1253@example.com,157006,UK,=1-941-926-9021,2023-09-13
C03279,31,user3279@example.com,71302,Canada,=1-493-382-7461,2023-03-28
C03375,52,,65450,UK,=1-933-659-7828,2023-02-06
C02815,,user2815@example.com,-50000,UK,905-166-2404,2023-12-15
C01849,77,user1849@example.com,34926,Spain,=1-405-203-2932,2023-02-18
C01756,999,user3038@example.com,81567,Canada,5920725544,2023-08-12
C00389,69,user389@example.com,130772,Australia,=1-829-664-2867,2023-05-05
C00236,200,user236@example.com,158557,USA,(220) 642-2567,2023-07-30
C01078,31,user@,0,Australia,441-239-8688,2023-08-29
C01985,69,user1985@example.com,177735,USA,8880426060,Jan 1 2023
C04364,21,user4364@example.com,,USA,154 930 5330,2023-02-29
C03963,34,user3963@example.com,152863,USA,291-684-3856,2023-09-07
C00771,34,user771@example.com,43261,UK,=1-634-293-8796,2023-04-31
C02166,76,user name@domain.com,188477,Australia,139-478-1472,2023-10-20
C00628,73,user674@example.com,139200,China,=1-312-389-2412,2023-11-15
C00250,-25,user250@example.com,161564,Canada,(897) 212-6343,2023-06-06
C01575,68,no-dot@com,125676,Canada,(909) 483-9502,2023-10-13
C03420,38,user3420@example.com,137509,Canada,139.979.2746,2023-09-29
C02082,32,user2082@example.com,124108,Canada,391 819 9736,2023-11-22
C01824,59,user1824@example.com,124283,Australia,=1-694-456-7615,2023-03-05
C00717,40,user717@example.com,146214,USA,=1-907-733-8244,2023-01-13
C04684,21,user4684@example.com,,Canada,8567924811,2023-05-05
C02049,61,user2049@example.com,39726,,366 155 5396,2023-04-29
C04179,79,@domain.com,142196,UK,378-181-8255,2023-06-28
C02725,73,user2725@example.com,83634,Australia,292 460 9810,2023-00-15
C04536,37,user4536@example.com,,Canada,190.384.5566,2023-02-04
,47,user1461@example.com,34992,Canada,=1-828-949-5227,2023-10-05
C01669,47,user1669@example.com,87530,UK,=1-571-222-3069,2023-11-29
C02757,59,user2757@example.com,172429,UK,(185) 880-2104,2023-01-26
C02001,-999,multiple@issues@invalid,-1,InvalidCountry,,invalid-date
C00405,250,user405@example.com,37415,Australia,3584676841,2023-08-07
C00385,71,user385@example.com,174941,Germany,481.897.8944,2023-10-03
C04507,56,user4507@example.com,,UK,478 462 9530,2023-07-11
C02153,73,user2153@example.com,191205,USA,2821400851,2023-01-02
C01634,78,user1634@example.com,88829,Australia,(898) 421-3003,2023-06-13
C04601,53,user4601@example.com,82066,Australia,=1-829-837-5395,2023-06-21
C03926,24,user3926@example.com,143689,Australia,229-304-3346,2023-03-05
C04159,28,user4159@example.com,153199,Brazil,407-175-4513,2023-12-18
C00224,45,,0,UK,7925383538,2023-10-07
C02194,54,user2194@example.com,47576,USA,814.550.5334,2023-08-23
C03137,19,user3137@example.com,150506,Canada,=1-131-527-2086,2023-07-16
C01825,39,user1825@example.com,177044,Australia,146-130-3607,2023-02-23
C04616,45,user4616@example.com,33435,Australia,564-990-5524,2023-04-06
C00543,70,user798@example.com,87620,Australia,(901) 245-7116,2023-10-18
C02872,71,user2872@example.com,-10000,Australia,428 740 9672,2023-03-15
C00010,75,user10@example.com,192993,USA,909.169.6042,2023-10-09
C01945,33,invalid-email,63065,UK,401 736 1510,2023-02-03
C01335,27,user1839@example.com,42748,USA,,Jan 1 2023
C00256,68,user256@example.com,84110,Australia,837 298 6875,2023-04-16
C04523,35,user4523@example.com,-10000,Canada,(820) 807-2543,2023-12-20
C01582,26,,113639,Australia,629.262.8166,2023-12-26
C02957,21,user2957@example.com,146045,UK,(422) 951-7144,2023-11-30
C00925,58,user925@example.com,73949,UK,1157215100,2023-07-31
C04444,73,user4444@example.com,40976,USA,,2023-11-14
C02509,51,user2509@example.com,102572,Australia,=1-259-243-8697,2023-08-30
C03776,53,user3776@example.com,169490,Australia,(578) 607-9947,2023-03-11
C04137,50,,154336,Germany,665 757 5065,2023-11-04
C02780,40,user2780@example.com,189379,Canada,=1-658-175-1324,invalid-date
C00540,32,user540@example.com,151950,China,460-530-9973,2023-03-13
C02746,52,user2746@example.com,57388,Australia,(778) 806-4653,2023-08-28
C04513,44,user4513@example.com,154984,UK,(541) 817-3756,2023-07-12
C04586,54,user4586@example.com,195912,USA,2750473645,2023-06-08
C01146,49,user1146@example.com,49288,UK,,2023-08-24
C00668,27,user668@example.com,,USA,,2023-03-14
C03020,41,,112263,USA,842-340-8458,2023-06-14
C00335,77,user358@example.com,39256,Canada,(290) 952-7254,2023-10-22
C02832,22,,101927,UK,698 685 3979,2023-11-17
C02784,33,user2784@example.com,56312,Canada,,2023-04-12
C01009,23,user1354@example.com,158126,Australia,4080891187,2023-09-01
C00471,54,user471@example.com,125102,Canada,651-433-1612,2023-05-05
C02704,58,user2704@example.com,175631,USA,902 558 2906,2023-07-05
C03331,19,user3331@example.com,-50000,Canada,7238476297,2023-03-20
,41,user3638@example.com,80901,Australia,845 327 3316,2023-01-22
C01397,39,user1397@example.com,102307,UK,946-113-1716,2023-12-16
C03585,,missingatsign.com,-1000,Australia,6349866419,2023-02-01
C04501,29,user4501@example.com,,USA,872.997.9897,2023-12-18
C03377,-10,user name@domain.com,108012,Canada,=1-779-152-9136,2023-11-23
C01257,39,user1257@example.com,184813,Australia,(453) 925-9711,2023-06-25
C03513,75,user3513@example.com,95938,Canada,(195) 448-4878,2023-09-29
C01251,-999,multiple@issues@invalid,-1,InvalidCountry,,invalid-date
C04823,72,user4823@example.com,45111,USA,(924) 769-2469,2023-02-26
C04299,77,user4299@example.com,35544,India,(343) 681-2690,2023-10-23
C03285,78,user3285@example.com,192478,Canada,371-844-8907,2023-03-02
C02934,62,user2934@example.com,100934,UK,560-498-4165,2023-04-31
C04176,45,user4176@example.com,37265,USA,9769596935,2023-03-14
C01853,68,user@@domain.com,,USA,993-992-3586,2023-04-15
C04885,79,user4885@example.com,65851,India,(325) 670-8444,2023-01-04
C02106,69,user2106@example.com,82975,Australia,534-607-3797,2023-05-06
C00134,-5,user134@example.com,61881,Australia,,2023-01-13
C00929,48,user929@example.com,53185,UK,663.186.3200,2023-08-29
C00824,60,user824@example.com,143053,Australia,281 959 1138,2023-11-24
C04558,26,user@domain.,129976,USA,4188138565,2023-03-26
C01532,42,user1532@example.com,,Australia,183 405 8396,2023-02-19
C01215,24,user1215@example.com,193165,UK,=1-600-165-9501,2023-08-10
C00505,59,user505@example.com,115091,USA,762 137 4309,2023-08-04
C04286,59,,170061,USA,(649) 567-9230,2023-12-12
C01997,61,user1997@example.com,166645,UK,631 384 6150,2023-05-08
C03073,79,user3073@example.com,168925,Australia,9769785826,2023-12-21
C01959,49,user1959@example.com,,UK,(956) 689-5801,2023-10-04
C01385,67,user1385@example.com,179180,USA,(556) 337-8109,2023-11-10
C00895,74,user895@example.com,95048,USA,8793873887,2023-03-15
C00456,36,,82874,Brazil,237 419 7374,2023-01-29
C04652,52,,88382,USA,290.427.8587,2023-07-05
C03710,73,user3710@example.com,144161,Australia,121.890.9199,2023-01-13
C04355,51,user4634@example.com,137658,Australia,617 916 8547,2023-03-24
C04269,76,user4269@example.com,156598,Australia,495-723-4760,2023-02-22
C03523,-5,user3523@example.com,145267,UK,856-199-1349,2023-02-16
C04135,,user4135@example.com,87705,Australia,909-694-7938,2023-06-07
C03603,35,user3603@example.com,45123,UK,740.850.5237,2023-12-24
C00714,68,user714@example.com,0,UK,,2023-10-05
C04187,64,user4187@example.com,116489,China,5682785101,2023-02-30
C02215,500,user2215@example.com,141048,USA,=1-689-811-8126,2023-06-31
C02924,32,user2924@example.com,54700,UK,678.584.2034,2023-02-05
C01811,59,user1811@example.com,,Canada,,2023-07-07
C03487,40,user3487@example.com,76015,Brazil,864.513.1332,2023-07-16
C03142,34,user3142@example.com,103805,USA,956.648.6359,2023-02-11
C01828,-5,,52927,USA,(890) 927-4876,2023-09-14
C01156,38,user1156@example.com,46999,Spain,8972064951,2023-05-18
C01325,25,user1325@example.com,33262,Australia,(975) 705-3436,2023-02-09
C04313,50,user4313@example.com,170565,Australia,163.841.4854,2023-00-15
C00511,26,user511@example.com,71328,USA,421-716-5882,2023-02-25
C00200,27,,82999,UK,292 599 2712,2023-06-28
C00500,150,,64998,USA,,2023-06-04
C04551,28,user4551@example.com,41953,Australia,(102) 798-1941,2023-10-07
C01857,43,user1857@example.com,46428,Australia,4830287810,2023-07-27
C01389,28,user1389@example.com,79649,USA,2211370833,2023-12-21
C03720,130,user3720@example.com,,UK,=1-841-333-9519,2023-01-01
C02387,51,user2387@example.com,125386,Australia,=1-647-966-9810,2023-10-10
C03237,69,user3237@example.com,192696,UK,351 565 3869,2023-09-11
C01541,65,user1541@example.com,-10000,Australia,840-783-3369,2023-04-25
C01218,40,user1218@example.com,195386,USA,=1-811-284-1087,2023-06-23
C02682,54,user2682@example.com,32716,USA,418-463-3906,2023-07-10
C02994,73,user2994@example.com,,Australia,309 289 2846,2023-06-17
C01192,18,user1192@example.com,119132,Canada,(314) 323-4205,2023-12-27
C01543,22,user1543@example.com,72946,Canada,254-569-3416,2023-10-18
C03302,62,user3302@example.com,45577,USA,680 439 5900,2023-04-06
C03325,68,user3325@example.com,55938,Australia,=1-391-241-2064,2023-11-16
C02136,37,user2540@example.com,114518,Canada,=1-854-971-1560,2023-07-19
C00954,25,user954@example.com,157619,Australia,(539) 888-7843,2023-03-31
C04331,-25,user4331@example.com,198993,UK,=1-431-202-7534,2023-06-16
C00733,67,,53248,Australia,782.903.3293,2023-04-19
C01157,22,user name@domain.com,171013,Canada,(328) 365-2895,2023-02-03
C03295,25,user3295@example.com,167799,UK,378 436 9336,2023-04-08
C02983,61,user2983@example.com,153549,UK,=1-603-107-6724,2023-11-29
C02157,26,user2157@example.com,70475,Canada,(105) 700-6085,2023-02-16
C01063,18,user1063@example.com,177175,USA,(619) 180-7983,2023-02-14
C02617,49,user2617@example.com,120436,UK,9121545413,2023-10-30
C01168,29,user1168@example.com,195159,UK,423 248 5863,2023-02-11
C03223,79,user3223@example.com,,UK,=1-153-686-3882,2023-05-07
C03637,40,user3637@example.com,79570,USA,=1-422-825-3001,2023-09-20
C02939,33,user2939@example.com,79178,Australia,=1-249-902-5468,2023-02-17
C04492,57,user name@domain.com,119367,UK,115-854-1523,2023-08-16
C03141,55,user3141@example.com,62355,Australia,9233928059,2023-08-20
C00144,25,user144@example.com,,Australia,408 587 9724,2023-01-01
,75,user3578@example.com,189762,UK,=1-784-690-9847,2023-07-18
C02783,69,user2783@example.com,109335,China,866 343 9037,2023-01-15
C00718,34,user718@example.com,96897,Canada,8081357418,2023-10-24
C01820,75,user1820@example.com,,USA,7372634805,2023-11-11
C02503,56,user2503@example.com,32881,Canada,417.956.2069,2023-07-30
C04361,26,user4361@example.com,77599,Canada,(546) 372-3900,2023-12-22
C04172,47,user4172@example.com,71846,USA,965 164 8701,2023-02-29
C00396,37,user396@example.com,45523,Canada,(231) 977-3332,2023-09-11
C04852,65,invalid-email,,USA,565-834-3671,2023-05-21
C04493,0,user4493@example.com,43265,USA,=1-140-758-7910,2023-08-05
C01366,-50,user1366@example.com,122876,China,615 824 9602,2023-04-05
C04573,57,,192297,USA,771.137.8224,2023-11-25
C00596,72,user596@example.com,134092,Australia,457-195-4337,2023-07-07
C03953,50,user3953@example.com,98359,Australia,,2023-05-14
C02915,42,user2915@example.com,150654,USA,168-431-8810,2023-09-07
C02327,46,,187550,Canada,103.645.6473,2023-10-13
C03767,39,user3767@example.com,0,USA,337 191 3173,2023-05-07
C03441,59,user3441@example.com,57675,USA,262.705.5056,2023-03-24
C02426,43,user3852@example.com,103495,UK,(753) 352-3180,2023-02-19
C04133,44,user4133@example.com,191616,UK,144.702.6810,2023-02-22
C04606,70,user4606@example.com,39190,UK,926 165 8059,2023-07-13
C02144,35,user2144@example.com,,USA,823 585 6816,2023-05-16
C01572,,user1572@example.com,,UK,958.914.7794,2023-11-28
C04080,37,user4080@example.com,-10000,USA,914-219-1828,2023-04-25
C01123,30,user1123@example.com,-20000,Australia,584 875 6521,2023-01-31
C01048,77,user2787@example.com,130963,UK,4139528900,invalid-date
C02968,33,invalid-email,56655,USA,451 868 2139,2023-12-28
C02505,63,.user@domain.com,166694,Canada,(818) 186-7384,2023-10-28
C00081,76,user@,67335,USA,3727525740,2023-10-01
C00676,,,146506,UK,(304) 260-9063,2023-05-24
C02809,47,user2809@example.com,40345,Australia,863.796.3553,2023-10-27
C03349,68,user3349@example.com,107129,Australia,990-902-3689,2023-05-16
C00729,24,user729@example.com,40103,USA,148-874-3043,2023-07-09
C00413,,user413@example.com,64148,UK,(872) 650-1070,2023-04-23
C01002,69,user3147@example.com,146220,UK,744.374.5444,2023-01-20
C01517,57,user1517@example.com,36589,UK,579 757 9767,2023-08-16
C00826,35,user@,57518,Canada,109 326 1324,2023-03-23
C03268,37,user3268@example.com,178472,Australia,125-621-4583,2023-08-02
C03975,34,user3975@example.com,191805,USA,=1-615-618-8182,2023-06-06
C00617,57,user617@example.com,165189,UK,5858839243,2023-08-08
C00115,38,user115@example.com,,Australia,,2023-07-29
C00418,31,user418@example.com,120453,Canada,=1-333-517-2848,2023-06-08
C03070,30,user3070@example.com,,UK,7861471668,2023-05-13
C01626,34,user1626@example.com,100021,USA,747.939.2052,2023-02-19
C04966,73,user4966@example.com,159070,UK,666.805.3651,2023-12-10
C04186,68,.user@domain.com,192434,UK,=1-490-680-6117,2023-06-14
C02897,,user2897@example.com,0,USA,659.862.4117,2023-10-17
C04687,63,user4687@example.com,133903,UK,234.248.4437,2023-03-26
C02083,66,user2083@example.com,37493,USA,=1-350-491-1282,2023-12-15
,66,user754@example.com,,Spain,(902) 703-7910,2023-08-08
C02547,20,user2547@example.com,132780,UK,=1-550-220-5576,2023-07-26
C03970,60,user3970@example.com,137044,Canada,,2023-01-04
C02249,78,user3374@example.com,81660,USA,177-921-5483,2023-06-16
C04108,63,user4108@example.com,50655,UK,7991219212,2023-04-12
C02445,28,user2445@example.com,176069,UK,,2023-05-24
C04381,32,user4381@example.com,129764,UK,,2023-11-30
C01067,47,user1067@example.com,42391,UK,392.690.8344,2023-01-01
C03914,44,user3914@example.com,95584,Australia,=1-731-492-7321,2023-12-20
C03499,57,user3499@example.com,178790,Canada,489-583-4215,2023-05-21
C02739,26,user@@domain.com,-1000,Canada,,2023-03-26
C04001,57,user4001@example.com,198600,USA,732-838-1522,2023-06-01
C01569,71,user1569@example.com,48395,Australia,940 760 7484,2023-03-12
C02428,34,user2428@example.com,181990,USA,8495636795,2023-04-22
C03747,54,user3747@example.com,,UK,=1-157-726-5575,2023-02-30
C04655,-25,user4655@example.com,113029,Canada,(687) 808-3022,2023-06-02
C01688,72,user@domain..com,49229,Canada,384-533-3690,2023-04-06
C00852,65,user@domain..com,99166,USA,418.164.2584,2023-09-23
C03547,67,user3547@example.com,65294,USA,4588976489,2023-11-10
C00748,77,user896@example.com,153130,Canada,2614528899,2023-07-08
C04593,41,,0,UK,(366) 307-1569,2023-07-12
C00336,37,user336@example.com,160722,Australia,125.511.4610,2023-02-26
C02840,26,user2840@example.com,124000,Canada,736-704-7844,2023-07-01
C03088,,user@domain.,199834,USA,(574) 381-7359,2023-02-21
C04612,51,user4612@example.com,155604,USA,(878) 508-3336,2023-06-17
C01349,53,user1349@example.com,,France,659-733-6618,2023-02-28
C01016,65,user1016@example.com,79522,USA,6619209856,2023-09-27
C02817,66,user2817@example.com,104807,Australia,973.192.6133,Jan 1 2023
C01632,39,user name@domain.com,35368,UK,(466) 351-2190,2023-08-16
C02490,50,user2490@example.com,44678,USA,988 861 4417,2023-03-23
C03731,27,user3731@example.com,35495,Canada,516.745.2192,2023-08-26
C03252,23,user@domain..com,93753,UK,320-545-3411,2023-01-13
C04650,35,user4650@example.com,128185,UK,125-255-8927,2023-09-30
C02071,21,user2071@example.com,135058,Canada,9060028594,2023-10-27
C04453,25,user4453@example.com,126516,USA,748 732 6567,2023-08-23
C04898,52,,131735,UK,=1-799-486-9314,2023-04-14
C01636,66,user1636@example.com,44719,USA,2412483267,2023-02-22
C02480,45,user2480@example.com,-20000,Canada,(891) 251-4377,2023-09-09
C02266,0,user2266@example.com,167161,Canada,149 575 5615,2023-01-17
C02960,69,user2960@example.com,140114,UK,(434) 727-1565,2023-08-30
C04747,66,user4747@example.com,166681,USA,,2023-00-15
C03060,54,user3060@example.com,183706,Canada,(954) 810-4085,2023-06-21
C02142,52,user2142@example.com,87724,UK,612.878.2921,2023-01-10
C03119,77,user3119@example.com,41549,Australia,(427) 349-8870,2023-10-24
C04741,,user4741@example.com,76950,Canada,=1-788-842-6486,2023-04-30
C04046,23,user4046@example.com,93884,UK,,2023-10-17
C03357,56,user3357@example.com,97334,Canada,=1-306-316-3421,2023-07-14
C02745,72,user2745@example.com,,USA,812-885-8358,2023-06-27
C03507,36,user3507@example.com,0,Canada,797-661-8229,2023-12-31
C00818,27,user1680@example.com,80113,USA,6223262065,2023-02-16
C04250,23,user4250@example.com,116296,UK,916.870.5396,2023-01-25
C03148,25,.user@domain.com,117173,USA,708.625.4732,2023-03-07
C02295,,,59793,Canada,900-524-3126,2023-05-15
C00581,72,user581@example.com,,Canada,998.579.3161,2023-02-16
,44,user1471@example.com,73919,Australia,211.206.2274,2023-03-20
C04071,26,user4071@example.com,35147,Australia,,2023-03-01
C03344,-25,user3344@example.com,136749,Canada,150-132-5131,2023-04-28
C04584,32,user4584@example.com,,UK,9758687253,2023-11-10
C03673,59,user@domain.,86523,USA,8696719645,2023-06-25
C00560,32,,136464,Canada,947 789 9096,2023-02-19
C02850,58,,139765,Canada,,2023-08-07
C00513,71,,64675,Australia,959 841 3302,2023-05-25
C01082,-10,user1082@example.com,67228,USA,6897612430,2023-05-18
C01665,,user1665@example.com,106173,Canada,903.144.2815,2023-05-04
C01013,52,user1013@example.com,51839,UK,466 282 4549,2023-01-23
C01932,,user1932@example.com,45216,India,770-139-4018,2023-03-21
C01151,67,user1151@example.com,105602,USA,8410598437,2023-12-26
C02839,23,user2839@example.com,69405,Australia,717.918.9105,2023-04-06
C00117,62,user117@example.com,77591,Canada,=1-593-807-2311,2023-01-01
C00741,78,user741@example.com,116664,UK,=1-672-631-7468,2023-02-29
C04822,23,user4822@example.com,108608,UK,871 696 1821,2023-10-29
C03676,42,user3676@example.com,188998,Canada,=1-810-198-2908,2023-11-17
C00831,75,user831@example.com,123782,Australia,820 823 4425,2023-04-17
C00120,130,user120@example.com,104083,USA,=1-724-190-5017,2023-06-29
C04795,62,user@domain.,,Australia,3623960525,2023-09-31
C04754,56,@domain.com,173609,Canada,536.807.1553,2023-12-14
C00636,46,user636@example.com,42360,France,185-526-5876,2023-05-11
,71,user4466@example.com,95747,UK,173-655-5913,2023-11-06
C04365,52,user4365@example.com,97560,Canada,8436354844,2023-01-03
C04143,79,user4143@example.com,192488,USA,=1-485-492-9958,2023-01-07
C00992,72,user992@example.com,64693,USA,815 144 4927,2023-03-03
C00877,20,user877@example.com,123500,USA,(348) 240-1722,2023-03-19
C00005,60,user5@example.com,150263,UK,124-576-2932,2023-04-10
C03052,61,user3052@example.com,162624,UK,632-206-1066,2023-12-22
C03125,25,,,Canada,625 174 3698,2023-04-09
,58,user2661@example.com,102573,Mexico,=1-546-166-3807,2023-12-15
C02492,-100,user2492@example.com,167844,Australia,303 310 7234,2023-12-16
C03855,56,user3855@example.com,66701,Canada,514.268.5271,2023-06-20
C01716,49,user1716@example.com,141426,UK,(440) 566-3323,2023-12-23
C01149,46,user1149@example.com,114425,USA,(434) 492-5593,2023-07-23
C03262,19,user3262@example.com,161827,USA,495 769 8100,2023-03-06
,62,user575@example.com,148248,Germany,,2023-08-05
C03770,29,user3770@example.com,124202,UK,657 181 8606,2023-10-06
C03737,62,user@@domain.com,87042,USA,654 252 4942,2023-10-29
,78,user4147@example.com,149415,Australia,256-674-6538,2023-09-30
C00854,18,user854@example.com,79298,UK,=1-916-741-6477,2023-02-30
C01983,48,user1983@example.com,97708,UK,9249445534,2023-07-20
C02775,67,user2775@example.com,137357,USA,139.246.2700,2023-05-11
C01167,58,user1167@example.com,116795,Canada,504-109-9819,2023-07-28
C00240,-10,user972@example.com,84319,USA,775.636.2146,2023-09-03
C02702,29,user2702@example.com,172767,UK,297 717 3543,2023-03-14
C04496,500,user4496@example.com,109622,Canada,=1-523-622-5149,2023-08-13
C03848,27,user@.com,,UK,654.280.6613,2023-03-05
C02369,46,user2369@example.com,,UK,(861) 924-3106,2023-10-12
C04116,72,user4116@example.com,130846,Canada,659-508-5260,2023-09-23
C04132,72,@domain.com,57818,Australia,3728973181,2023-09-11
C02951,30,user2951@example.com,143793,USA,=1-554-876-6146,2023-09-05
C00525,77,user525@example.com,161060,Germany,5917357577,not-a-date
C02456,55,user2456@example.com,101576,India,,2023-09-21
C01842,43,user1842@example.com,83311,China,=1-659-985-2179,2023-10-19
C00538,68,no-dot@com,31481,UK,834.532.2644,2023-07-01
C02807,60,,40400,UK,(553) 124-4382,2023-03-11
C04342,66,,75890,India,641 798 8951,2023-05-22
C03176,62,user3176@example.com,66110,Canada,(140) 776-1981,2023-01-06
,58,user785@example.com,192246,Canada,5546230531,2023-01-02
C04058,-5,user4058@example.com,41801,Australia,300-620-1695,2023-06-03
C01410,22,user1410@example.com,76922,UK,332-537-7314,2023-04-20
C02538,24,user2538@example.com,167263,USA,=1-691-373-3157,2023-07-02
C00155,24,user@domain.,144397,USA,4309260670,2023-09-10
C03010,39,user3010@example.com,30992,USA,=1-151-977-1183,2023-09-20
C01687,40,,83218,Australia,(898) 509-4079,2023-10-19
C02902,63,user2902@example.com,53065,Canada,(245) 855-7317,2023-08-24
C04965,30,user4965@example.com,87442,,(642) 340-1031,2023-09-16
C03864,58,user3864@example.com,66404,Canada,474.126.9022,2023-07-04
C02734,150,user2734@example.com,,Canada,104.346.6419,2023-05-09
C01896,70,user1896@example.com,30287,UK,481-842-3325,2023-07-16
C00570,61,user570@example.com,184692,Australia,=1-800-762-8506,2023-03-05
C01817,54,user1817@example.com,50855,Canada,6752211372,2023-08-13
C02066,62,user2066@example.com,34042,Canada,=1-204-613-7519,2023-05-04
C00128,58,user128@example.com,163172,Australia,9811640292,2023-08-09
C03395,38,user3395@example.com,-10000,USA,7933649196,2023-04-20
C03328,51,user3328@example.com,77801,USA,608-721-4666,2023-11-19
C02919,65,user2919@example.com,108863,Canada,5976159420,2023-04-17
C02976,21,user2976@example.com,138255,UK,143-324-4811,2023-03-27
C00981,22,user981@example.com,107299,USA,306.107.3337,2023-09-26
C02301,21,user2301@example.com,134186,UK,=1-498-587-1205,2023-04-31
C00191,77,user191@example.com,-20000,Canada,647.973.6571,2023-11-10
C01140,21,user1140@example.com,49610,USA,,2023-02-27
C00700,20,user700@example.com,133423,UK,372-481-7799,2023-07-05
C04796,64,,77819,Australia,=1-155-942-1448,2023-03-22
C00607,75,user607@example.com,148490,Spain,144.771.8423,2023-07-24
C03193,55,user4277@example.com,189876,UK,276.385.5163,2023-08-14
C00302,49,missingatsign.com,114388,,(568) 189-2313,2023-11-20
C03421,69,user3421@example.com,187699,Canada,407-780-3243,2023-03-13
C04836,68,no-dot@com,168562,USA,(309) 998-1163,2023-10-27
C01061,67,user1061@example.com,163175,Australia,(228) 193-3845,2023-04-15
C02566,53,user2566@example.com,197516,USA,3655081209,2023-04-18
C00360,43,user360@example.com,121328,Canada,954.699.5979,not-a-date
C01070,74,,,Australia,271 582 8231,2023-10-29
C02525,,user2525@example.com,168421,UK,587-575-7800,2023-05-10
C02206,79,user2206@example.com,39121,Canada,218-629-4054,2023-06-18
C01244,34,user1244@example.com,74254,Canada,488 126 5055,2023-10-05
C00017,53,user17@example.com,0,USA,=1-443-573-7782,2023-10-01
C03121,61,user3121@example.com,51209,UK,590 319 2622,2023-07-14
C04643,18,user4643@example.com,115474,USA,6686166474,2023-12-16
C00816,56,user816@example.com,143650,Germany,808-236-1033,2023-05-19
C03068,26,user3068@example.com,109795,UK,563.221.7912,2023-07-28
C04800,71,user4800@example.com,53290,Canada,979.502.6836,2023-02-11
C00960,-25,user960@example.com,139162,UK,8527472128,2023-06-06
C00226,61,user226@example.com,138272,UK,107-283-2460,2023-04-16
C03355,21,,47143,Australia,7935843605,2023-08-25
C02486,67,invalid-email,98116,Canada,267.534.5441,2023-10-12
C00563,77,,180653,UK,864.606.7259,2023-04-27
C03178,46,user3437@example.com,,UK,858.153.3242,2023-06-25
C01694,25,user1694@example.com,177878,UK,,2023-05-25
C01046,66,user1046@example.com,,UK,(734) 181-1981,2023-01-21
C03447,26,user3447@example.com,144938,Australia,690.913.4072,2023-01-01
C04566,70,user4566@example.com,,Canada,613-157-7011,2023-06-08
C00955,75,user955@example.com,52010,Canada,(549) 560-1493,2023-02-05
C01664,19,user1664@example.com,39343,USA,4728095498,2023-06-09
C02736,67,user2736@example.com,92699,USA,957.511.1733,not-a-date
C04919,22,user4919@example.com,100198,France,541-486-2245,2023-08-30
C04736,70,user4736@example.com,34782,Australia,=1-736-586-9924,2023-01-14
C04839,68,user4839@example.com,65757,USA,851-808-3012,2023-04-02
C01219,63,.user@domain.com,113014,USA,=1-557-919-6149,2023-08-22
C01528,30,user@,,Canada,318 155 4465,2023-05-21
C03988,74,user3988@example.com,74678,Canada,303.589.5541,2023-07-11
C01301,57,user1301@example.com,61480,Australia,538.286.9788,2023-08-14
C04907,24,user4907@example.com,196742,USA,(263) 467-3516,2023-08-24
C00161,65,invalid-email,60431,USA,297.134.1388,2023-02-28
C04068,38,user4068@example.com,40737,UK,820 539 5157,2023-04-01
C00957,67,user957@example.com,117923,USA,855.109.9188,2023-11-14
C00198,,user3792@example.com,35666,USA,6125551262,2023-09-11
C03235,77,user3235@example.com,192007,USA,(966) 235-4963,
C02870,41,user2870@example.com,71081,UK,543-910-4818,2023-07-30
C03778,65,user3778@example.com,114363,India,(323) 558-2217,2023-05-22
C04355,46,user4434@example.com,53806,Canada,=1-204-339-2633,2023-01-28
C02962,44,user2962@example.com,130764,UK,=1-874-682-1645,2023-12-11
C02201,34,user2201@example.com,52490,Australia,8714926942,2023-05-02
C00099,-50,user99@example.com,50808,Australia,6939036170,2023-11-07
C02558,30,user2558@example.com,103870,Canada,=1-286-507-9370,2023-07-29
C02916,57,user3184@example.com,180396,USA,(193) 684-5419,2023-09-13
C00254,54,user@domain..com,77153,Canada,248 321 8454,2023-11-07
C03924,32,user3924@example.com,74377,Canada,4506222455,2023-07-07
C04200,32,invalid-email,,UK,627-693-5258,2023-06-18
C01446,56,user1446@example.com,31051,Australia,850 126 7958,2023-09-01
C01649,47,user1649@example.com,105426,USA,759-902-1076,2023-07-03
C04683,62,user4683@example.com,161841,UK,8001942852,2023-08-27
C04724,,user4724@example.com,114085,USA,737-987-9128,2023-12-25
C03992,33,,96617,UK,315-803-9189,2023-08-17
C01697,72,user1697@example.com,180166,USA,620 441 1870,2023-04-09
C03192,250,,75689,Australia,518-829-8276,2023-06-09
C04500,62,user4500@example.com,0,Canada,794.442.8479,2023-09-12
C01155,36,,179134,UK,8408939222,2023-06-08
C00355,200,user2256@example.com,,UK,597-769-7581,2023-12-14
C01683,63,user1683@example.com,88219,Canada,=1-979-420-6108,2023-09-18
C03171,25,user3171@example.com,173737,India,,2023-05-26
C02057,47,user2057@example.com,,USA,192 899 6460,2023-06-25
C04091,60,user4091@example.com,172003,USA,,2023-04-13
C03109,50,user3109@example.com,109183,Canada,124-265-2415,2023-11-12
C04549,19,user@.com,163922,USA,=1-195-527-6496,2023-03-08
C03724,54,,118578,Canada,,2023-05-30
C02050,74,user2050@example.com,70542,Australia,845 324 6567,2023-06-13
C03644,78,user3644@example.com,106208,UK,1969449751,2023-03-07
C04943,62,user4943@example.com,178199,Canada,(403) 774-3953,2023-02-20
C00624,22,user624@example.com,98136,USA,,2023-01-21
C00263,-5,user263@example.com,61279,Canada,=1-666-975-4763,2023-05-09
C03370,67,user@,-20000,USA,(784) 693-5163,2023-12-25
C04062,180,user4062@example.com,62334,UK,643.382.9061,2023-12-15
C01803,62,user1803@example.com,152778,USA,(587) 591-5751,2023-09-14
C04737,76,user4737@example.com,180534,USA,,2023-10-08
C04020,57,user4020@example.com,115469,UK,(897) 811-9135,2023-11-29
C02386,200,user2386@example.com,162151,USA,5583579348,2023-12-18
C01960,-50,missingatsign.com,73169,UK,(436) 348-6930,2023-08-02
C02977,150,user2977@example.com,,USA,(991) 240-9201,2023-11-29
C00489,42,user489@example.com,92021,India,7614024489,2023-11-28
C01844,45,,154954,Canada,294 952 4399,2023-09-27
C01735,-1,user1735@example.com,-10000,UK,609.131.5003,2023-07-02
C02912,70,user2912@example.com,34011,Australia,(294) 598-9177,2023-12-21
C03220,28,user3220@example.com,170399,Canada,385 991 4047,2023-12-18
C00147,50,user147@example.com,106240,UK,112 395 8353,2023-04-30
C01987,52,user1987@example.com,49053,Canada,1359873139,2023-06-08
C01370,34,user1370@example.com,99504,Australia,(398) 140-3427,2023-09-28
C02812,34,user2812@example.com,58229,USA,9294666194,2023-05-05
C00660,75,user660@example.com,71243,USA,599-509-8964,2023-01-19
C01795,71,user1795@example.com,,UK,952-617-8271,2023-07-14
C02512,61,user2512@example.com,80210,Spain,732.524.3580,2023-04-24
C03398,-50,,-20000,UK,=1-356-842-1298,2023-11-03
C04283,63,user4283@example.com,173377,UK,1460219219,2023-05-25
C01148,44,user1148@example.com,190949,Brazil,545-832-1478,2023-12-18
C03273,42,user3273@example.com,67706,USA,=1-226-548-8987,2023-03-01
C00609,18,user609@example.com,0,USA,(983) 149-5635,2023-10-12
,47,user3583@example.com,180953,UK,,2023-11-16
C01931,66,,163609,UK,=1-771-150-4812,2023-07-18
C00198,78,user198@example.com,104707,USA,1813743830,2023-08-12
C02932,76,user2932@example.com,192002,Canada,(738) 429-2332,2023-02-18
C02328,28,user2328@example.com,,Australia,771 276 2610,2023-01-12
C04390,68,,146116,UK,935-772-2411,2023-10-19
C00767,42,no-dot@com,61707,Canada,9696467331,2023-03-27
C04497,25,user4497@example.com,190259,Canada,(114) 255-2911,2023-05-01
C04219,18,user4219@example.com,129189,Canada,444 817 5738,2023-02-21
C03256,69,user3256@example.com,,Canada,(549) 358-8975,2023-09-14
C00203,40,user203@example.com,199530,Mexico,137-447-1918,2023-11-02
C03511,68,user3511@example.com,187732,Canada,701-518-2970,2023-03-04
C01734,24,user1734@example.com,192793,USA,5269571438,2023-05-22
C02778,55,user2778@example.com,118388,USA,,2023-04-12
C01708,20,user1708@example.com,180673,Canada,502 203 4602,2023-12-08
C03475,62,user3475@example.com,121186,Australia,584-904-9676,2023-04-16
C00855,39,user855@example.com,74942,Australia,353.210.8759,2023-11-14
C04738,40,user4738@example.com,90030,Australia,,2023-02-20
C04098,25,user4098@example.com,,USA,596-591-5360,2023-10-05
C02161,51,user2161@example.com,0,USA,144 812 5145,2023-10-25
C00699,29,user699@example.com,84318,Canada,393.617.3805,2023-09-22
C04963,19,user4963@example.com,68744,UK,,2023-08-04
C03000,,user3000@example.com,182049,Canada,155 763 4765,2023-01-21
C03697,31,user3697@example.com,,France,204-783-7071,2023-09-25
C01637,24,user1637@example.com,59227,Canada,681 914 6268,2023-12-14
C03458,77,user3458@example.com,,UK,(862) 147-2182,2023-11-29
C03521,69,user3582@example.com,178866,Australia,488.580.1661,2023-03-25
C01292,47,user1292@example.com,84353,Canada,464-106-8542,2023-03-02
C04660,66,user4660@example.com,92257,Canada,826.257.9488,2023-01-22
C01854,70,invalid-email,-50000,UK,176.647.4955,2023-13-01
C03764,66,user3764@example.com,33832,Canada,123.506.9584,2023-03-12
C03305,49,user3305@example.com,129246,Australia,515 934 8080,2023-06-27
C04928,26,user4928@example.com,141030,China,(900) 178-7096,2023-02-06
C03744,31,user3744@example.com,96490,Australia,=1-306-176-2330,2023-03-17
C03446,73,user3446@example.com,114335,Australia,(517) 105-9568,2023-10-09
C01999,62,user1999@example.com,168261,Canada,394-380-8973,2023-03-28
C00664,53,,136121,China,=1-165-374-7834,2023-08-29
C04780,56,user4780@example.com,78114,USA,(329) 148-6377,2023-03-20
C03749,75,user3749@example.com,110674,Australia,2380371508,2023-01-13
C00543,18,user4414@example.com,,USA,362 636 4964,2023-11-01
C04745,68,user4745@example.com,165653,Australia,926 487 5461,2023-08-31
C00710,48,user710@example.com,57586,USA,776-756-3473,2023-02-19
C01283,23,user1283@example.com,170558,Germany,(279) 176-7013,2023-14-01
C02676,76,user2676@example.com,,UK,=1-892-877-3938,2023-01-13
C04030,57,user name@domain.com,80711,UK,161.270.2007,2023-08-15
C01307,19,user1307@example.com,139373,UK,264-782-4260,2023-10-29
C01169,55,user2238@example.com,143181,Canada,5602730904,2023-02-29
C03303,77,user3303@example.com,115155,Canada,348-266-8883,2023-04-24
C02039,76,,182027,Canada,(778) 535-2897,2023-10-17
C01530,79,user@.com,46260,Australia,358.750.3885,2023-12-30
C01664,19,user1664@example.com,39343,USA,4728095498,2023-06-09
,,user4950@example.com,189599,Australia,=1-891-982-2833,2023-11-17
C04969,77,user4969@example.com,,Canada,507 646 8081,2023-04-22
C03628,46,user3628@example.com,141825,USA,(669) 814-9207,2023-11-14
C02694,,user2694@example.com,,USA,993-799-3534,2023-11-18
C03061,32,,,USA,5757968510,2023-12-09
C01598,44,user1598@example.com,77111,UK,4723474875,2023-10-01
C02730,32,user2730@example.com,97443,USA,(829) 427-2195,2023-06-09
C02626,51,user2626@example.com,90430,France,9978339137,2023-11-07
C02916,74,user3158@example.com,,USA,2060973449,2023-04-16
C03315,23,user3315@example.com,,Canada,912-927-3488,2023-05-19
C01723,33,,194648,Canada,=1-796-397-4740,2023-06-16
C01060,76,,158216,Canada,(153) 749-3318,2023-01-23
C03161,54,user4637@example.com,147174,Canada,5144099828,2023-05-06
C03243,55,user3243@example.com,191323,USA,=1-654-843-7617,2023-11-27
C01679,49,user1679@example.com,33558,Mexico,161 317 1215,2023-07-26
C01082,500,user1758@example.com,96253,Canada,830-377-3337,2023-02-12
C04192,40,user4192@example.com,182131,Australia,352.813.7250,2023-10-21
C00564,54,user564@example.com,-1000,Canada,(541) 976-4385,2023-09-21
,38,user2791@example.com,154342,USA,827 654 4718,2023-04-19
C00864,180,user864@example.com,79170,Australia,204-793-1914,2023-08-20
C01485,30,user1485@example.com,38002,Canada,614-926-3460,2023-07-28
C00207,60,,143688,Canada,(858) 693-4817,2023-08-10
C04489,63,,,Canada,=1-360-288-2001,2023-09-04
C00871,44,user871@example.com,-50000,UK,629 436 4153,2023-09-05
C04494,36,user4494@example.com,166496,USA,5494231664,2023-07-11
C00503,19,user503@example.com,105225,Canada,(128) 351-6087,2023-12-29
C01029,70,user1029@example.com,67019,USA,511-769-6181,2023-10-27
C03841,68,user3841@example.com,86677,UK,,2023-01-07
C02691,64,,98694,USA,128.919.7141,2023-10-09
C01571,74,,195465,France,=1-390-374-5333,2023-04-28
C02774,60,user2774@example.com,167126,USA,,2023-08-05
C02732,61,user2732@example.com,118844,Canada,(684) 755-1255,2023-03-06
C00805,130,user805@example.com,121683,Canada,962.747.4485,2023-01-07
C03646,73,user3646@example.com,125377,Australia,868-726-9272,2023-02-04
,48,user2455@example.com,,UK,470 441 4260,2023-11-30
C04599,60,user4599@example.com,123650,Canada,,2023-12-28
C03105,53,user3105@example.com,165654,Canada,670 818 7918,2023-11-21
C04876,130,user4876@example.com,66613,Canada,5612511036,2023-02-29
C00201,47,user201@example.com,112152,Australia,6616661361,2023-01-11
C03100,63,user3100@example.com,119353,Australia,5396664414,2023-01-24
C02279,52,user2279@example.com,141361,Canada,7739096956,2023-04-03
C03562,49,user3562@example.com,84144,UK,=1-251-739-8247,2023-02-22
C04475,41,user4475@example.com,127247,Canada,=1-538-944-9970,2023-12-23
C04515,40,user4515@example.com,128256,UK,461-637-3039,2023-09-15
C00392,25,,139850,UK,807.471.3277,2023-02-08
C01496,22,user1496@example.com,109534,Australia,(680) 742-9151,2023-04-01
C02696,,user2696@example.com,64980,Canada,823 966 3908,2023-10-28
C02028,59,user2028@example.com,63377,Australia,544-168-9039,2023-10-17
C02569,46,user2569@example.com,35033,USA,,2023-01-11
C00060,77,user65@example.com,59796,Australia,=1-364-472-7423,2023-05-18
C03885,52,user@domain..com,,Canada,894-462-3905,2023-09-25
C02063,,user2063@example.com,77014,Canada,(482) 439-7773,2023-08-20
C00493,75,user@.com,162610,Canada,(690) 611-4489,2023-01-01
C00380,-10,user380@example.com,169347,Australia,=1-430-993-6180,2023-11-13
C04860,50,.user@domain.com,179374,UK,151.495.6894,2023-01-09
C03994,68,user3994@example.com,147569,USA,149 748 3472,2023-07-06
C04888,29,user4888@example.com,,Brazil,280 485 6251,2023-03-12
C01077,38,user1077@example.com,194796,UK,390 484 8878,2023-04-02
C00502,30,user879@example.com,,USA,=1-767-872-6861,2023-11-14
C00338,24,user338@example.com,33696,Australia,722-756-4197,2023-04-14
C01017,72,user1017@example.com,165958,USA,712-104-1797,2023-10-20
C01276,23,user1276@example.com,,Canada,793 620 3235,2023-12-16
C03799,34,user3799@example.com,130468,UK,129 446 4750,2023-07-01
C04552,,user4552@example.com,136410,Australia,832.912.4781,2023-02-21
C03343,52,,101695,Australia,(500) 296-6653,2023-03-12
C04912,54,user4912@example.com,56336,Australia,=1-392-219-2168,2023-03-02
C00996,18,user996@example.com,111471,,178.873.2723,2023-12-09
C01982,-100,user1982@example.com,62083,USA,1194294443,2023-06-07
C04298,74,user4298@example.com,116673,Canada,=1-560-266-9543,2023-05-08
C00162,72,user162@example.com,178980,UK,=1-194-158-4552,2023-04-18
C04799,38,no-dot@com,140186,Australia,(851) 984-8560,2023-11-21
C00322,-999,multiple@issues@invalid,-1,InvalidCountry,,invalid-date
C03844,54,user3844@example.com,143153,Canada,779-988-6904,2023-03-17
C02614,67,user2614@example.com,98469,Canada,(680) 285-1395,2023-05-27
C03462,-100,user@,161907,USA,209 449 4380,2023-02-02
C01022,500,,142701,USA,(198) 916-3750,2023-02-30
C03074,42,,42379,Canada,132 611 6236,2023-10-12
C03944,66,user3944@example.com,164821,UK,3013362475,2023-12-08
C01586,70,user1586@example.com,145584,USA,=1-262-430-4338,2023-05-15
C01956,-1,user1956@example.com,89754,Canada,=1-850-224-9646,2023-01-17
C03153,22,,50659,Australia,=1-905-242-5833,2023-06-14
C00035,78,user35@example.com,183808,Canada,2405905813,2023-10-10
C04015,63,user4015@example.com,42224,,231 117 4172,2023-14-01
C00776,42,,61781,USA,703 146 9052,2023-12-20
C02557,29,user2557@example.com,57856,USA,546 666 2359,2023-04-03
C01479,22,user1479@example.com,192421,UK,422-195-6056,2023-07-15
C01364,0,user1364@example.com,,Canada,(103) 263-4568,2023-10-08
C02613,41,user2613@example.com,-50000,UK,4900179544,2023-09-23
C02825,18,user2825@example.com,63686,USA,=1-665-743-8693,2023-05-30
C02042,69,user2042@example.com,111845,India,960 924 9014,2023-07-19
C00242,79,user242@example.com,73309,UK,760-472-5670,2023-06-26
C02062,18,user2062@example.com,,Brazil,6279951345,2023-12-16
C02364,34,user2364@example.com,197896,USA,(251) 634-5725,2023-06-06
C00601,79,user601@example.com,186989,USA,,2023-11-06
C01583,74,,175817,Canada,,2023-01-12
C02889,49,user2889@example.com,90892,Australia,=1-873-937-8046,2023-09-09
C00647,29,user647@example.com,72137,Australia,(238) 114-4126,2023-01-05
C03891,33,user3891@example.com,67201,Australia,=1-671-977-6706,2023-01-26
C03557,-5,user3557@example.com,,UK,=1-650-195-5254,2023-10-03
C03203,69,user3203@example.com,164275,Canada,354.832.5762,2023-09-17
C01529,57,user1529@example.com,55464,Canada,876-800-7929,2023-11-11
C01268,-5,user1268@example.com,180592,USA,=1-393-382-8008,2023-10-28
C01900,34,user1900@example.com,130667,USA,384.702.7294,2023-11-09
C04659,66,user4659@example.com,150811,Canada,302-487-6666,2023-05-11
C03006,64,user3006@example.com,168454,Australia,716 871 3707,2023-07-18
C02735,37,user2735@example.com,132478,UK,(499) 946-4741,2023-02-25
C00190,59,user190@example.com,133547,Canada,747-762-2485,2023-03-19
C01807,28,,62006,Australia,526 933 7960,2023-10-26
C00074,52,,195732,,=1-528-589-2126,2023-11-14
C02748,54,user2748@example.com,51029,USA,(910) 600-2089,2023-01-01
C01548,70,user2048@example.com,177781,Australia,928 552 7966,2023-07-06
C02559,42,user2559@example.com,185234,Canada,(245) 960-4634,2023-12-17
C01083,55,user1083@example.com,53386,Canada,415 756 2167,2023-01-22
C00475,63,,168335,Canada,486.684.7394,2023-09-28
,,user2905@example.com,173424,USA,474 114 8116,2023-06-19
C04844,45,user4844@example.com,89055,Australia,355.866.1928,2023-03-25
C04118,18,user4118@example.com,171267,Canada,562-464-9551,2023-12-21
C03386,79,user3386@example.com,187403,Canada,265 536 4343,2023-12-14
C04556,68,user4556@example.com,,USA,,2023-08-21
C01185,47,user1185@example.com,119049,USA,6510614294,2023-11-26
C02434,55,user2434@example.com,,Canada,8373053113,2023-06-17
C02392,41,user2392@example.com,155659,Australia,(806) 834-8472,2023-01-21
C00770,47,user770@example.com,,Australia,(733) 654-1866,2023-04-30
C01686,200,user1686@example.com,194841,USA,988 735 9412,2023-08-20
C00131,,user131@example.com,48199,Canada,,2023-07-27
C02920,54,user2920@example.com,153206,Canada,7951319487,2023-01-28
C02605,300,user3172@example.com,30534,USA,(225) 470-1892,2023-02-10
C03445,34,,87104,Canada,,2023-04-13
C04427,44,user4427@example.com,86321,Canada,181.472.7505,2023-04-31
C00467,23,user467@example.com,,USA,459 157 5001,2023-11-18
C03093,21,user3093@example.com,87204,Australia,212 803 3536,2023-08-13
C03773,55,user3773@example.com,105118,UK,=1-267-100-7223,2023-05-10
C00861,21,user861@example.com,45534,Australia,968.810.2065,2023-11-28
